Sample_ID,ID,IlluminaPrimer,BarcodeName,FWPosition,FWSequence,REVPosition,REVSequence,concentration,Size,Molarity,RUN,Position_in_RUN,Patient_ID,Niche,Niche_short,Environment,Timepoint,Method,Method_Time,Niche_Time,Niche_Time_Method,Age,Height,Weight,BMI,Gender
P1_OL_Rechts_T1,P1_OL_Rechts_T1,4,S91,fw_H7,GTACCACA,Rev_H7,CAATCGAC,73.4331192,418,266.1777555,100,91,P1,upper_right_lung,URL,Human,T1,Standard,T1_Standard,T1_URL,T1_Standard_URL,79,183,55,16.4,male
P1_TS_T1,P1_TS_T1,4,S94,fw_H10,CAGCATAC,Rev_H10,GTTAAGGC,97.8777516,418,354.7837886,100,94,P1,tracheal_secretion,TS,Human,T1,Standard,T1_Standard,T1_TS,T1_Standard_TS,79,183,55,16.4,male
P1_UL_Links_T1,P1_UL_Links_T1,4,S93,fw_H9,CGAGAGAA,Rev_H9,TCGCATTG,96.13638,418,348.4717268,100,93,P1,lower_left_lung,LLL,Human,T1,Standard,T1_Standard,T1_LLL,T1_Standard_LLL,79,183,55,16.4,male
P1_UL_Rechts_T1,P1_UL_Rechts_T1,4,S92,fw_H8,GGTATAGG,Rev_H8,CTTCTGAG,83.6533158,418,303.2235602,100,92,P1,lower_right_lung,LRL,Human,T1,Standard,T1_Standard,T1_LRL,T1_Standard_LRL,79,183,55,16.4,male
P1_Throat_Swap_T2,P1_Throat_Swap_T2,,,,,,,,,,100,90,P1,Throat,T,Human,T2,Standard,T1_Standard,T1_LRL,T1_Standard_LRL,79,183,55,16.4,male
P10_OL_R_T1,P10_OL_R_T1,4,S76,fw_G4,GTCCTAAG,Rev_G4,GTGTTCCT,54.2573112,418,196.6699696,102,76,P10,upper_right_lung,URL,Human,T1,Venner,T1_Venner,T1_URL,T1_Venner_URL,72,173,83,27.7,male
P10_OL_R_T2,P10_OL_R_T2,4,S80,fw_G8,GCCTTAAC,Rev_G8,CTTCGTTC,42.7419102,418,154.9293541,102,80,P10,upper_right_lung,URL,Human,T2,Venner,T2_Venner,T2_URL,T2_Venner_URL,72,173,83,27.7,male
P10_ThroatSwap_T1,P10_ThroatSwap_T1,2,S26,fw_C2,TTCCAGGT,Rev_C2,GAGATACG,92.407467,418,334.9552958,103,26,P10,Throat,T,Human,T1,Venner,T1_Venner,T1_T,T1_Venner_T,72,173,83,27.7,male
P10_ThroatSwap_T2,P10_ThroatSwap_T2,2,S28,fw_C4,GAGAGTAC,Rev_C4,GGAGATGA,96.6308286,418,350.2639865,103,28,P10,Throat,T,Human,T2,Venner,T2_Venner,T2_T,T2_Venner_T,72,173,83,27.7,male
P10_TS_T1,P10_TS_T1,4,S79,fw_G7,CAACACAG,Rev_G7,TGCAGGTA,50.488317,418,183.0082536,102,79,P10,tracheal_secretion,TS,Human,T1,Venner,T1_Venner,T1_TS,T1_Venner_TS,72,173,83,27.7,male
P10_TS_T2,P10_TS_T2,4,S83,fw_G11,CTTCACTG,Rev_G11,TCTCTTCC,76.400682,418,276.9344715,102,83,P10,tracheal_secretion,TS,Human,T2,Venner,T2_Venner,T2_TS,T2_Venner_TS,72,173,83,27.7,male
P10_TubeSwap_T3,P10_TubeSwap_T3,2,S27,fw_C3,TCATCTCC,Rev_C3,ATGGAAGG,99.2594682,418,359.7921857,103,27,P10,Tube,Tube,Human,T3,Venner,T3_Venner,T3_Tube,T3_Venner_Tube,72,173,83,27.7,male
P10_UL_L_T1,P10_UL_L_T1,4,S78,fw_G6,TCCACGTT,Rev_G6,GGTGTCTT,74.8858044,418,271.4433971,102,78,P10,lower_left_lung,LLL,Human,T1,Venner,T1_Venner,T1_LLL,T1_Venner_LLL,72,173,83,27.7,male
P10_UL_L_T2,P10_UL_L_T2,4,S82,fw_G10,AGCTACCA,Rev_G10,CTGTGTTG,36.9784968,418,134.0383384,102,82,P10,lower_left_lung,LLL,Human,T2,Venner,T2_Venner,T2_LLL,T2_Venner_LLL,72,173,83,27.7,male
P10_UL_R_T1,P10_UL_R_T1,4,S77,fw_G5,CTTAGGAC,Rev_G5,GATACTGG,65.524299,418,237.5101457,102,77,P10,lower_right_lung,LRL,Human,T1,Venner,T1_Venner,T1_LRL,T1_Venner_LRL,72,173,83,27.7,male
P10_UL_R_T2,P10_UL_R_T2,4,S81,fw_G9,GTAAGGTG,Rev_G9,GCAAGATC,32.8545822,418,119.0901196,102,81,P10,lower_right_lung,LRL,Human,T2,Venner,T2_Venner,T2_LRL,T2_Venner_LRL,72,173,83,27.7,male
P11_OL_R_T1,P11_OL_R_T1,4,S84,fw_G12,GGTTGAAC,Rev_G12,AAGTCGAG,83.3009418,418,301.9462875,102,84,P11,upper_right_lung,URL,Human,T1,Standard,T1_Standard,T1_URL,T1_Standard_URL,78,162,60,22.9,male
P11_OL_R_T2,P11_OL_R_T2,2,S2,fw_A2,TTACCGAC,Rev_A2,CTCCTAGA,83.50589688,418,302.6892014,104,2,P11,upper_right_lung,URL,Human,T2,Standard,T2_Standard,T2_URL,T2_Standard_URL,78,162,60,22.9,male
P11_ThroatSwap_T1,P11_ThroatSwap_T1,2,S29,fw_C5,GTCGTTAC,Rev_C5,GCTTAGCT,99.544623,418,360.8258047,103,29,P11,Throat,T,Human,T1,Standard,T1_Standard,T1_T,T1_Standard_T,78,162,60,22.9,male
P11_ThroatSwap_T2,P11_ThroatSwap_T2,2,S31,fw_C7,AGGAACAC,Rev_C7,TCTCGCAA,102.184188,418,370.3936059,103,31,P11,Throat,T,Human,T2,Standard,T2_Standard,T2_T,T2_Standard_T,78,162,60,22.9,male
P11_TS_T2,P11_TS_T2,2,S5,fw_A5,CAAGGTAC,Rev_A5,CTAGCAAG,73.1484726,418,265.1459787,103,5,P11,tracheal_secretion,TS,Human,T2,Standard,T2_Standard,T2_TS,T2_Standard_TS,78,162,60,22.9,male
P11_TS_T1,P11_TS_T1,2,S17,fw_B5,AGACCTTG,Rev_B5,TGCTTCCA,97.1146548,418,352.0177425,103,17,P11,tracheal_secretion,TS,Human,T1,Standard,T1_Standard,T1_TS,T1_Standard_TS,78,162,60,22.9,male
P11_TubeSwap_T3,P11_TubeSwap_T3,2,S3,fw_A3,AGTGACCT,Rev_A3,CAAGGTCT,88.03730328,418,319.1144819,104,3,P11,Tube,Tube,Human,T3,Standard,T3_Standard,T3_Tube,T3_Standard_Tube,78,162,60,22.9,male
P11_UL_L_T2,P11_UL_L_T2,2,S4,fw_A4,TCGGATTC,Rev_A4,ATTGCGTG,96.8958258,418,351.2245389,103,4,P11,lower_left_lung,LLL,Human,T2,Standard,T2_Standard,T2_LLL,T2_Standard_LLL,78,162,60,22.9,male
P11_UL_L_T1,P11_UL_L_T1,2,S16,fw_B4,CTGTACCA,Rev_B4,ACCTGGAA,98.5067808,418,357.0638712,103,16,P11,lower_left_lung,LLL,Human,T1,Standard,T1_Standard,T1_LLL,T1_Standard_LLL,78,162,60,22.9,male
P11_UL_R_T1,P11_UL_R_T1,4,S85,fw_H1,GATAGCCA,Rev_H1,CGTATTCG,94.2292374,418,341.5587843,102,85,P11,lower_right_lung,LRL,Human,T1,Standard,T1_Standard,T1_LRL,T1_Standard_LRL,78,162,60,22.9,male
P11_UL_R_T2,P11_UL_R_T2,2,S3,fw_A3,AGTGACCT,Rev_A3,CAAGGTCT,94.2215838,418,341.5310418,103,3,P11,lower_right_lung,LRL,Human,T2,Standard,T2_Standard,T2_LRL,T2_Standard_LRL,78,162,60,22.9,male
P12_OL_R_T2,P12_OL_R_T2,2,S10,fw_A10,CGCAACTA,Rev_A10,TGTACACC,44.7990372,418,162.3859548,103,10,P12,upper_right_lung,URL,Human,T2,Standard,T2_Standard,T2_URL,T2_Standard_URL,67,186,71,20.5,male
P12_OL_R_T1,P12_OL_R_T1,2,S1,fw_A1,CCACAACA,Rev_A1,TGTTGTGG,115.2706574,418,417.8289743,104,1,P12,upper_right_lung,URL,Human,T1,Standard,T1_Standard,T1_URL,T1_Standard_URL,67,186,71,20.5,male
P12_ThroatSwap_T1,P12_ThroatSwap_T1,2,S32,fw_C8,CAGTGCTT,Rev_C8,TGGAGTTG,84.7637208,418,307.2485167,103,32,P12,Throat,T,Human,T1,Standard,T1_Standard,T1_T,T1_Standard_T,67,186,71,20.5,male
P12_ThroatSwap_T2,P12_ThroatSwap_T2,3,S34,fw_C10,TGGAAGCA,Rev_C10,GCAATTCG,98.1213684,418,355.6668421,103,34,P12,Throat,T,Human,T2,Standard,T2_Standard,T2_T,T2_Standard_T,67,186,71,20.5,male
P12_TS_T1,P12_TS_T1,2,S9,fw_A9,TCTAGGAG,Rev_A9,TGCTCATG,89.3695518,418,323.9435689,103,9,P12,tracheal_secretion,TS,Human,T1,Standard,T1_Standard,T1_TS,T1_Standard_TS,67,186,71,20.5,male
P12_TS_T2,P12_TS_T2,2,S13,fw_B1,CGGCATTA,Rev_B1,GTCGGTAA,32.4971058,418,117.7943519,103,13,P12,tracheal_secretion,TS,Human,T2,Standard,T2_Standard,T2_TS,T2_Standard_TS,67,186,71,20.5,male
P12_TubeSwap_T3,P12_TubeSwap_T3,3,S33,fw_C9,CTTGCTAG,Rev_C9,TAGCGTCT,88.7496192,418,321.6964593,103,33,P12,Tube,Tube,Human,T3,Standard,T3_Standard,T3_Tube,T3_Standard_Tube,67,186,71,20.5,male
P12_UL_L_T1,P12_UL_L_T1,2,S8,fw_A8,CGAATACG,Rev_A8,GTGCCATA,71.6680452,418,259.7797782,103,8,P12,lower_left_lung,LLL,Human,T1,Standard,T1_Standard,T1_LLL,T1_Standard_LLL,67,186,71,20.5,male
P12_UL_L_T2,P12_UL_L_T2,2,S12,fw_A12,GTACACCT,Rev_A12,GGTCAGAT,37.9573674,418,137.5865137,103,12,P12,lower_left_lung,LLL,Human,T2,Standard,T2_Standard,T2_LLL,T2_Standard_LLL,67,186,71,20.5,male
P12_UL_R_T1,P12_UL_R_T1,2,S7,fw_A7,GTCAGTCA,Rev_A7,CTTCACCA,73.5131928,418,266.4680035,103,7,P12,lower_right_lung,LRL,Human,T1,Standard,T1_Standard,T1_LRL,T1_Standard_LRL,67,186,71,20.5,male
P12_UL_R_T2,P12_UL_R_T2,2,S11,fw_A11,CGTATCTC,Rev_A11,CACCTTAC,43.265523,418,156.8273271,103,11,P12,lower_right_lung,LRL,Human,T2,Standard,T2_Standard,T2_LRL,T2_Standard_LRL,67,186,71,20.5,male
P13_LL_T1,P13_LL_T1,2,S11,fw_A11,CGTATCTC,Rev_A11,CACCTTAC,107.2893818,418,388.8987308,104,11,P13,lower_left_lung,LLL,Human,T1,Standard,T1_Standard,T1_LLL,T1_Standard_LLL,53,168,74,26.2,male
P13_LRL_T1,P13_LRL_T1,2,S10,fw_A10,CGCAACTA,Rev_A10,TGTACACC,69.74533248,418,252.8103976,104,10,P13,lower_right_lung,LRL,Human,T1,Standard,T1_Standard,T1_LRL,T1_Standard_LRL,53,168,74,26.2,male
P13_RUL_T1,P13_RUL_T1,2,S9,fw_A9,TCTAGGAG,Rev_A9,TGCTCATG,87.14716152,418,315.8879278,104,9,P13,upper_right_lung,URL,Human,T1,Standard,T1_Standard,T1_URL,T1_Standard_URL,53,168,74,26.2,male
P13_Throat_T1,P13_Throat_T1,2,S13,fw_B1,CGGCATTA,Rev_B1,GTCGGTAA,105.7044199,418,383.1536172,104,13,P13,Throat,T,Human,T1,Standard,T1_Standard,T1_T,T1_Standard_T,53,168,74,26.2,male
P13_Throat_T2,P13_Throat_T2,2,S15,fw_B3,AGCCTATC,Rev_B3,GCTATCCT,127.6731758,418,462.7851814,104,15,P13,Throat,T,Human,T2,Standard,T2_Standard,T2_T,T2_Standard_T,53,168,74,26.2,male
P13_TS_T1,P13_TS_T1,2,S12,fw_A12,GTACACCT,Rev_A12,GGTCAGAT,112.6606524,418,408.368321,104,12,P13,tracheal_secretion,TS,Human,T1,Standard,T1_Standard,T1_TS,T1_Standard_TS,53,168,74,26.2,male
P13_Tube_T3,P13_Tube_T3,2,S14,fw_B2,TCGTCTGA,Rev_B2,TAGTTGCG,79.2735144,418,287.3478121,104,14,P13,Tube,Tube,Human,T3,Standard,T3_Standard,T3_Tube,T3_Standard_Tube,53,168,74,26.2,male
P14_LL_T1,P14_LL_T1,2,S18,fw_B6,AGGATAGC,Rev_B6,ATGACGTC,93.18702264,418,337.7810013,104,18,P14,lower_left_lung,LLL,Human,T1,Venner,T1_Venner,T1_LLL,T1_Venner_LLL,68,190,78,21.6,male
P14_LRL_T1,P14_LRL_T1,2,S17,fw_B5,AGACCTTG,Rev_B5,TGCTTCCA,98.77385832,418,358.0319643,104,17,P14,lower_right_lung,LRL,Human,T1,Venner,T1_Venner,T1_LRL,T1_Venner_LRL,68,190,78,21.6,male
P14_RUL_T1,P14_RUL_T1,2,S16,fw_B4,CTGTACCA,Rev_B4,ACCTGGAA,95.6078916,418,346.5560809,104,16,P14,upper_right_lung,URL,Human,T1,Venner,T1_Venner,T1_URL,T1_Venner_URL,68,190,78,21.6,male
P14_Throat_T1,P14_Throat_T1,2,S20,fw_B8,GTCCTTGA,Rev_B8,TGTTCGAG,118.8461494,418,430.7892901,104,20,P14,Throat,T,Human,T1,Venner,T1_Venner,T1_T,T1_Venner_T,68,190,78,21.6,male
P14_TS_T1,P14_TS_T1,2,S19,fw_B7,CCTTCCAT,Rev_B7,ACGGTCTT,105.7763256,418,383.4142584,104,19,P14,tracheal_secretion,TS,Human,T1,Venner,T1_Venner,T1_TS,T1_Venner_TS,68,190,78,21.6,male
P14_Tube_T3,P14_Tube_T3,2,S21,fw_B9,TGCGTAAC,Rev_B9,AGTTCGTC,111.021481,418,402.4267107,104,21,P14,Tube,Tube,Human,T3,Venner,T3_Venner,T3_Tube,T3_Venner_Tube,68,190,78,21.6,male
P15_LL_T1,P15_LL_T1,2,S24,fw_B12,CCAAGGTT,Rev_B12,CTCTGGTT,107.3687734,418,389.1865063,104,24,P15,lower_left_lung,LLL,Human,T1,Standard,T1_Standard,T1_LLL,T1_Standard_LLL,59,174,73,21.4,male
P15_LL_T2,P15_LL_T2,2,S30,fw_C6,GGAGGAAT,Rev_C6,GCTGTAAG,81.09249864,418,293.9412014,104,30,P15,lower_left_lung,LLL,Human,T2,Standard,T2_Standard,T2_LLL,T2_Standard_LLL,59,174,73,21.4,male
P15_LRL_T1,P15_LRL_T1,2,S23,fw_B11,TTACGTGC,Rev_B11,TGGTAGCT,118.8349613,418,430.748736,104,23,P15,lower_right_lung,LRL,Human,T1,Standard,T1_Standard,T1_LRL,T1_Standard_LRL,59,174,73,21.4,male
P15_LRL_T2,P15_LRL_T2,2,S29,fw_C5,GTCGTTAC,Rev_C5,GCTTAGCT,67.7762052,418,245.6727751,104,29,P15,lower_right_lung,LRL,Human,T2,Standard,T2_Standard,T2_LRL,T2_Standard_LRL,59,174,73,21.4,male
P15_RUL_T1,P15_RUL_T1,2,S22,fw_B10,CACAGACT,Rev_B10,AGCTCCTA,95.42613984,418,345.8972736,104,22,P15,upper_right_lung,URL,Human,T1,Standard,T1_Standard,T1_URL,T1_Standard_URL,59,174,73,21.4,male
P15_RUL_T2,P15_RUL_T2,2,S28,fw_C4,GAGAGTAC,Rev_C4,GGAGATGA,77.07201792,418,279.367906,104,28,P15,upper_right_lung,URL,Human,T2,Standard,T2_Standard,T2_URL,T2_Standard_URL,59,174,73,21.4,male
P15_Throat_T1,P15_Throat_T1,2,S26,fw_C2,TTCCAGGT,Rev_C2,GAGATACG,125.9415506,418,456.508448,104,26,P15,Throat,T,Human,T1,Standard,T1_Standard,T1_T,T1_Standard_T,59,174,73,21.4,male
P15_Throat_T2,P15_Throat_T2,2,S32,fw_C8,CAGTGCTT,Rev_C8,TGGAGTTG,83.47634592,418,302.5820861,104,32,P15,Throat,T,Human,T2,Standard,T2_Standard,T2_T,T2_Standard_T,59,174,73,21.4,male
P15_TS_T1,P15_TS_T1,2,S25,fw_C1,CACGCAAT,Rev_C1,AGGTCACT,120.4739909,418,436.6898321,104,25,P15,tracheal_secretion,TS,Human,T1,Standard,T1_Standard,T1_TS,T1_Standard_TS,59,174,73,21.4,male
P15_TS_T2,P15_TS_T2,2,S31,fw_C7,AGGAACAC,Rev_C7,TCTCGCAA,62.330226,418,225.9323836,104,31,P15,tracheal_secretion,TS,Human,T2,Standard,T2_Standard,T2_TS,T2_Standard_TS,59,174,73,21.4,male
P15_Tube_T3,P15_Tube_T3,2,S27,fw_C3,TCATCTCC,Rev_C3,ATGGAAGG,111.5205367,418,404.2356703,104,27,P15,Tube,Tube,Human,T3,Standard,T3_Standard,T3_Tube,T3_Standard_Tube,59,174,73,21.4,male
P16_LL_T1,P16_LL_T1,3,S35,fw_C11,AGCTAAGC,Rev_C11,CAGTGAAG,79.4576796,418,288.0153676,104,35,P16,lower_left_lung,LLL,Human,T1,Venner,T1_Venner,T1_LLL,T1_Venner_LLL,69,170,88,30.4,male
P16_LRL_T1,P16_LRL_T1,3,S34,fw_C10,TGGAAGCA,Rev_C10,GCAATTCG,77.26283304,418,280.0595659,104,34,P16,lower_right_lung,LRL,Human,T1,Venner,T1_Venner,T1_LRL,T1_Venner_LRL,69,170,88,30.4,male
P16_RUL_T1,P16_RUL_T1,3,S33,fw_C9,CTTGCTAG,Rev_C9,TAGCGTCT,81.48268608,418,295.3555389,104,33,P16,upper_right_lung,URL,Human,T1,Venner,T1_Venner,T1_URL,T1_Venner_URL,69,170,88,30.4,male
P16_Throat_T1,P16_Throat_T1,3,S37,fw_D1,GGAATGTC,Rev_D1,GAATCCGA,85.70249016,418,310.6513345,104,37,P16,Throat,T,Human,T1,Venner,T1_Venner,T1_T,T1_Venner_T,69,170,88,30.4,male
P16_Throat_T2,P16_Throat_T2,3,S38,fw_D2,TACGGTCT,Rev_D2,AGGTGTAC,70.04247432,418,253.8874667,104,38,P16,Throat,T,Human,T2,Venner,T2_Venner,T2_T,T2_Venner_T,69,170,88,30.4,male
P16_TS_T1,P16_TS_T1,3,S36,fw_C12,GAACGGTT,Rev_C12,TGTGGTAC,86.47623456,418,313.4559756,104,36,P16,tracheal_secretion,TS,Human,T1,Venner,T1_Venner,T1_TS,T1_Venner_TS,69,170,88,30.4,male
P17_LL_T1,P17_LL_T1,3,S41,fw_D5,GTAACCGA,Rev_D5,AACCGTTC,136.6123502,418,495.1875824,104,41,P17,lower_left_lung,LLL,Human,T1,Venner,T1_Venner,T1_LLL,T1_Venner_LLL,52,172,55,18.6,female
P17_LRL_T1,P17_LRL_T1,3,S40,fw_D4,TCTACGCA,Rev_D4,GTACTCTC,139.6030178,418,506.0280478,104,40,P17,lower_right_lung,LRL,Human,T1,Venner,T1_Venner,T1_LRL,T1_Venner_LRL,52,172,55,18.6,female
P17_RUL_T1,P17_RUL_T1,3,S39,fw_D3,CCAGTATC,Rev_D3,TCAAGGAC,129.6607625,418,469.9897147,104,39,P17,upper_right_lung,URL,Human,T1,Venner,T1_Venner,T1_URL,T1_Venner_URL,52,172,55,18.6,female
P17_Throat_T1,P17_Throat_T1,3,S43,fw_D7,CTTACAGC,Rev_D7,GGAATTGC,99.07360152,418,359.1184628,104,43,P17,Throat,T,Human,T1,Venner,T1_Venner,T1_T,T1_Venner_T,52,172,55,18.6,female
P17_Throat_T2,P17_Throat_T2,3,S45,fw_D9,AGCGAGAT,Rev_D9,GGCGTTAT,102.8887836,418,372.947599,104,45,P17,Throat,T,Human,T2,Venner,T2_Venner,T2_T,T2_Venner_T,52,172,55,18.6,female
P17_TS_T1,P17_TS_T1,3,S42,fw_D6,GACGTCAT,Rev_D6,GCAATGGA,141.3741689,418,512.4480531,104,42,P17,tracheal_secretion,TS,Human,T1,Venner,T1_Venner,T1_TS,T1_Venner_TS,52,172,55,18.6,female
P17_Tube_T3,P17_Tube_T3,3,S44,fw_D8,TCCATTGC,Rev_D8,ACGATGAC,100.3275809,418,363.6638425,104,44,P17,Tube,Tube,Human,T3,Venner,T3_Venner,T3_Tube,T3_Venner_Tube,52,172,55,18.6,female
P18_LL_T1,P18_LL_T1,3,S48,fw_D12,CCAGTTGA,Rev_D12,CCTATACC,71.82997512,418,260.366736,104,48,P18,lower_left_lung,LLL,Human,T1,Standard,T1_Standard,T1_LLL,T1_Standard_LLL,71,173,70,23.4,male
P18_LRL_T1,P18_LRL_T1,3,S47,fw_D11,AAGACACC,Rev_D11,GTTCAACC,55.72666608,418,201.9960348,104,47,P18,lower_right_lung,LRL,Human,T1,Standard,T1_Standard,T1_LRL,T1_Standard_LRL,71,173,70,23.4,male
P18_RUL_T1,P18_RUL_T1,3,S46,fw_D10,CAATAGCC,Rev_D10,CTTAGGAC,66.17990328,418,239.8865568,104,46,P18,upper_right_lung,URL,Human,T1,Standard,T1_Standard,T1_URL,T1_Standard_URL,71,173,70,23.4,male
P18_Throat_T1,P18_Throat_T1,3,S50,fw_E2,AAGACCGT,Rev_E2,TAATGCCG,122.8660882,418,445.3606211,104,50,P18,Throat,T,Human,T1,Standard,T1_Standard,T1_T,T1_Standard_T,71,173,70,23.4,male
P18_Throat_T2,P18_Throat_T2,3,S52,fw_E4,GCAATTCC,Rev_E4,GTAACGAC,146.7115795,418,531.7949091,104,52,P18,Throat,T,Human,T2,Standard,T2_Standard,T2_T,T2_Standard_T,71,173,70,23.4,male
P18_TS_T1,P18_TS_T1,3,S49,fw_E1,TGGTGAAG,Rev_E1,GTACCTTG,75.56072376,418,273.8898208,104,49,P18,tracheal_secretion,TS,Human,T1,Standard,T1_Standard,T1_TS,T1_Standard_TS,71,173,70,23.4,male
P18_Tube_T3,P18_Tube_T3,3,S51,fw_E3,TTGCGAGA,Rev_E3,GTTACGCA,123.6020686,418,448.0283767,104,51,P18,Tube,Tube,Human,T3,Standard,T3_Standard,T3_Tube,T3_Standard_Tube,71,173,70,23.4,male
P19_LL_T1,P19_LL_T1,3,S56,fw_E8,GTCGATTG,Rev_E8,TGATGTCC,131.7572508,418,477.5889909,104,56,P19,lower_left_lung,LLL,Human,T1,Standard,T1_Standard,T1_LLL,T1_Standard_LLL,75,180,60,18.5,male
P19_LRL_T1,P19_LRL_T1,3,S54,fw_E6,CCGCTTAA,Rev_E6,ATCTCGCT,136.4985703,418,494.775157,104,54,P19,lower_right_lung,LRL,Human,T1,Standard,T1_Standard,T1_LRL,T1_Standard_LRL,75,180,60,18.5,male
P19_RUL_T1,P19_RUL_T1,3,S53,fw_E5,GAATCCGT,Rev_E5,GACATTCC,145.2786391,418,526.6008378,104,53,P19,upper_right_lung,URL,Human,T1,Standard,T1_Standard,T1_URL,T1_Standard_URL,75,180,60,18.5,male
P19_Throat_T1,P19_Throat_T1,3,S58,fw_E10,CTCGAACA,Rev_E10,GTCCTAAG,132.254436,418,479.3911701,104,58,P19,Throat,T,Human,T1,Standard,T1_Standard,T1_T,T1_Standard_T,75,180,60,18.5,male
P19_Throat_T2,P19_Throat_T2,3,S60,fw_E12,GTCATCGT,Rev_E12,TTCTCTCG,120.1489385,418,435.5115937,104,60,P19,Throat,T,Human,T2,Standard,T2_Standard,T2_T,T2_Standard_T,75,180,60,18.5,male
P19_TS_T1,P19_TS_T1,3,S57,fw_E9,TATGGCAC,Rev_E9,GGTGATTC,103.4329721,418,374.920154,104,57,P19,tracheal_secretion,TS,Human,T1,Standard,T1_Standard,T1_TS,T1_Standard_TS,75,180,60,18.5,male
P19_Tube_T3,P19_Tube_T3,3,S59,fw_E11,CAACTCCA,Rev_E11,TGGCTATC,99.54373512,418,360.8225863,104,59,P19,Tube,Tube,Human,T3,Standard,T3_Standard,T3_Tube,T3_Standard_Tube,75,180,60,18.5,male
P2_OL_R_T1,P2_OL_R_T1,2,S26,fw_C2,TTCCAGGT,Rev_C2,GAGATACG,104.6987611,418,379.508341,102,26,P2,upper_right_lung,URL,Human,T1,Venner,T1_Venner,T1_URL,T1_Venner_URL,89,187,90,25.7,male
P2_ThroatSwap_T1,P2_ThroatSwap_T1,4,S89,fw_H5,ATCTGACC,Rev_H5,TGCGTAGA,78.8194086,418,285.7017856,102,89,P2,Throat,T,Human,T1,Venner,T1_Venner,T1_T,T1_Venner_T,89,187,90,25.7,male
P2_TS_T1,P2_TS_T1,2,S29,fw_C5,GTCGTTAC,Rev_C5,GCTTAGCT,104.1595366,418,377.553779,102,29,P2,tracheal_secretion,TS,Human,T1,Venner,T1_Venner,T1_TS,T1_Venner_TS,89,187,90,25.7,male
P2_TubeSwap_T3,P2_TubeSwap_T3,4,S90,fw_H6,AACCAGAG,Rev_H6,TCAACTGG,87.457404,418,317.0124837,102,90,P2,Tube,Tube,Human,T3,Venner,T3_Venner,T3_Tube,T3_Venner_Tube,89,187,90,25.7,male
P2_UL_L_T1,P2_UL_L_T1,2,S28,fw_C4,GAGAGTAC,Rev_C4,GGAGATGA,102.5224438,418,371.6197033,102,28,P2,lower_left_lung,LLL,Human,T1,Venner,T1_Venner,T1_LLL,T1_Venner_LLL,89,187,90,25.7,male
P2_UL_R_T1,P2_UL_R_T1,2,S27,fw_C3,TCATCTCC,Rev_C3,ATGGAAGG,101.6833104,418,368.5780426,102,27,P2,lower_right_lung,LRL,Human,T1,Venner,T1_Venner,T1_LRL,T1_Venner_LRL,89,187,90,25.7,male
P20_LL_T1,P20_LL_T1,3,S64,fw_F4,CTCAGAAG,Rev_F4,ATTCCTCC,106.8657542,418,387.3631805,104,64,P20,lower_left_lung,LLL,Human,T1,Standard,T1_Standard,T1_LLL,T1_Standard_LLL,56,180,80,24.7,male
P20_LL_T2,P20_LL_T2,4,S70,fw_F10,GGCAAGTT,Rev_F10,AACGTGGA,116.2185946,418,421.2650231,104,70,P20,lower_left_lung,LLL,Human,T2,Standard,T2_Standard,T2_LLL,T2_Standard_LLL,56,180,80,24.7,male
P20_LRL_T1,P20_LRL_T1,3,S63,fw_F3,GAACGAAG,Rev_F3,AGTCTGTG,123.9640817,418,449.340589,104,63,P20,lower_right_lung,LRL,Human,T1,Standard,T1_Standard,T1_LRL,T1_Standard_LRL,56,180,80,24.7,male
P20_LRL_T2,P20_LRL_T2,4,S69,fw_F9,GAATCACC,Rev_F9,AACTTGCC,110.8904038,418,401.9515868,104,69,P20,lower_right_lung,LRL,Human,T2,Standard,T2_Standard,T2_LRL,T2_Standard_LRL,56,180,80,24.7,male
P20_RUL_T1,P20_RUL_T1,3,S62,fw_F2,CAGGTTCA,Rev_F2,TCAGACGA,109.3336032,418,396.3085515,104,62,P20,upper_right_lung,URL,Human,T1,Standard,T1_Standard,T1_URL,T1_Standard_URL,56,180,80,24.7,male
P20_RUL_T2,P20_RUL_T2,4,S68,fw_F8,ATAACGCC,Rev_F8,TGAACCTG,116.495369,418,422.2682653,104,68,P20,upper_right_lung,URL,Human,T2,Standard,T2_Standard,T2_URL,T2_Standard_URL,56,180,80,24.7,male
P20_Throat_T1,P20_Throat_T1,4,S66,fw_F6,GACGAACT,Rev_F6,GGCTATTG,129.957407,418,471.0649813,104,66,P20,Throat,T,Human,T1,Standard,T1_Standard,T1_T,T1_Standard_T,56,180,80,24.7,male
P20_Throat_T2,P20_Throat_T2,4,S72,fw_F12,CAATGCGA,Rev_F12,GTATGCTG,117.1757273,418,424.7344037,104,72,P20,Throat,T,Human,T2,Standard,T2_Standard,T2_T,T2_Standard_T,56,180,80,24.7,male
P20_TS_T1,P20_TS_T1,3,S65,fw_F5,CATGAGCA,Rev_F5,AGACCGTA,104.2036046,418,377.7135154,104,65,P20,tracheal_secretion,TS,Human,T1,Standard,T1_Standard,T1_TS,T1_Standard_TS,56,180,80,24.7,male
P20_TS_T2,P20_TS_T2,4,S71,fw_F11,GATCTTGC,Rev_F11,CTGGAGTA,145.4951338,418,527.3855798,104,71,P20,tracheal_secretion,TS,Human,T2,Standard,T2_Standard,T2_TS,T2_Standard_TS,56,180,80,24.7,male
P20_Tube_T3,P20_Tube_T3,4,S67,fw_F7,AGACGCTA,Rev_F7,TTAAGCGG,107.0777042,418,388.1314493,104,67,P20,Tube,Tube,Human,T3,Standard,T3_Standard,T3_Tube,T3_Standard_Tube,56,180,80,24.7,male
P21_LL_T1,P21_LL_T1,4,S75,fw_G3,CGAATTGC,Rev_G3,GCACGTAA,125.1102778,418,453.4952797,104,75,P21,lower_left_lung,LLL,Human,T1,Venner,T1_Venner,T1_LLL,T1_Venner_LLL,66,186,151,43.6,male
P21_LL_T2,P21_LL_T2,4,S82,fw_G10,AGCTACCA,Rev_G10,CTGTGTTG,142.4512214,418,516.3521148,104,82,P21,lower_left_lung,LLL,Human,T2,Venner,T2_Venner,T2_LLL,T2_Venner_LLL,66,186,151,43.6,male
P21_LRL_T1,P21_LRL_T1,4,S74,fw_G2,TAGGAGCT,Rev_G2,GATAGGCT,126.0911762,418,457.0508056,104,74,P21,lower_right_lung,LRL,Human,T1,Venner,T1_Venner,T1_LRL,T1_Venner_LRL,66,186,151,43.6,male
P21_LRL_T2,P21_LRL_T2,4,S81,fw_G9,GTAAGGTG,Rev_G9,GCAAGATC,105.6080611,418,382.8043393,104,81,P21,lower_right_lung,LRL,Human,T2,Venner,T2_Venner,T2_LRL,T2_Venner_LRL,66,186,151,43.6,male
P21_RUL_T1,P21_RUL_T1,4,S73,fw_G1,GGTGTACA,Rev_G1,TGACTGAC,156.3693888,418,566.8021923,104,73,P21,upper_right_lung,URL,Human,T1,Venner,T1_Venner,T1_URL,T1_Venner_URL,66,186,151,43.6,male
P21_Tubus,P21_Tubus,4,S78,fw_G6,TCCACGTT,Rev_G6,GGTGTCTT,154.4148322,418,559.7173849,104,78,P21,Tube,Tube,Human,T3,Venner,T3_Venner,T3_Tube,T3_Venner_Tube,66,186,151,43.6,male
P21_RUL_T2,P21_RUL_T2,4,S80,fw_G8,GCCTTAAC,Rev_G8,CTTCGTTC,99.52006872,418,360.7368012,104,80,P21,upper_right_lung,URL,Human,T2,Venner,T2_Venner,T2_URL,T2_Venner_URL,66,186,151,43.6,male
P21_Throat_T1,P21_Throat_T1,4,S77,fw_G5,CTTAGGAC,Rev_G5,GATACTGG,156.7732037,418,568.2659261,104,77,P21,Throat,T,Human,T1,Venner,T1_Venner,T1_T,T1_Venner_T,66,186,151,43.6,male
P21_Throat_T2,P21_Throat_T2,4,S84,fw_G12,GGTTGAAC,Rev_G12,AAGTCGAG,140.243664,418,508.3502392,104,84,P21,Throat,T,Human,T2,Venner,T2_Venner,T2_T,T2_Venner_T,66,186,151,43.6,male
P21_TS_T1,P21_TS_T1,4,S76,fw_G4,GTCCTAAG,Rev_G4,GTGTTCCT,128.9591105,418,467.4463915,104,76,P21,tracheal_secretion,TS,Human,T1,Venner,T1_Venner,T1_TS,T1_Venner_TS,66,186,151,43.6,male
P21_TS_T2,P21_TS_T2,4,S83,fw_G11,CTTCACTG,Rev_G11,TCTCTTCC,169.197695,418,613.3017799,104,83,P21,tracheal_secretion,TS,Human,T2,Venner,T2_Venner,T2_TS,T2_Venner_TS,66,186,151,43.6,male
P22_LL_T1,P22_LL_T1,1,S5,fw_A5,CAAGGTAC,Rev_A5,GTACCTTG,79.7595318,418,289.1095107,106,5,P22,lower_left_lung,LLL,Human,T1,Venner,T1_Venner,T1_LLL,T1_Venner_LLL,73,175,100,32.7,male
P22_RUL_T1,P22_RUL_T1,1,S3,fw_A3,AGTGACCT,Rev_A3,AGGTCACT,77.5563024,418,281.1233232,106,3,P22,upper_right_lung,URL,Human,T1,Venner,T1_Venner,T1_URL,T1_Venner_URL,73,175,100,32.7,male
P22_RLL_T1,P22_RLL_T1,1,S4,fw_A4,TCGGATTC,Rev_A4,GAATCCGA,90.5977068,418,328.3953415,106,4,P22,lower_left_lung,LLL,Human,T1,Venner,T1_Venner,T1_LLL,T1_Venner_LLL,73,175,100,32.7,male
P22_Throat_T1,P22_Throat_T1,1,S7,fw_A7,GTCAGTCA,Rev_A7,TGACTGAC,14.9848482,418,54.31654415,106,7,P22,Throat,T,Human,T1,Venner,T1_Venner,T1_T,T1_Venner_T,73,175,100,32.7,male
P22_TS_T1,P22_TS_T1,1,S6,fw_A6,TCCTCATG,Rev_A6,CATGAGGA,99.3757908,418,360.2138278,106,6,P22,tracheal_secretion,TS,Human,T1,Venner,T1_Venner,T1_TS,T1_Venner_TS,73,175,100,32.7,male
P22_Tube_T3,P22_Tube_T3,1,S8,fw_A8,CGAATACG,Rev_A8,CGTATTCG,69.9232932,418,253.4554632,106,8,P22,Tube,Tube,Human,T3,Venner,T3_Venner,T3_Tube,T3_Venner_Tube,73,175,100,32.7,male
P23_LL_T1,P23_LL_T1,1,S11,fw_A11,CGTATCTC,Rev_A11,GAGATACG,22.992483,418,83.34233362,106,11,P23,lower_left_lung,LLL,Human,T1,Standard,T1_Standard,T1_LLL,T1_Standard_LLL,74,175,80,26.1,male
P23_RUL_T1,P23_RUL_T1,1,S9,fw_A9,TCTAGGAG,Rev_A9,CTCCTAGA,28.563153,418,103.5346999,106,9,P23,upper_right_lung,URL,Human,T1,Standard,T1_Standard,T1_URL,T1_Standard_URL,74,175,80,26.1,male
P23_RLL_T1,P23_RLL_T1,1,S10,fw_A10,CGCAACTA,Rev_A10,TAGTTGCG,26.5511022,418,96.24148978,106,10,P23,lower_left_lung,LLL,Human,T1,Standard,T1_Standard,T1_LLL,T1_Standard_LLL,74,175,80,26.1,male
P23_Throat_T1,P23_Throat_T1,1,S13,fw_B1,CGGCATTA,Rev_B1,TAATGCCG,88.7005836,418,321.5187168,106,13,P23,Throat,T,Human,T1,Standard,T1_Standard,T1_T,T1_Standard_T,74,175,80,26.1,male
P23_Throat_T2,P23_Throat_T2,1,S14,fw_B2,TCGTCTGA,Rev_B2,TCAGACGA,36.2599128,418,131.4336407,106,14,P23,Throat,T,Human,T2,Standard,T2_Standard,T2_T,T2_Standard_T,74,175,80,26.1,male
P23_TS_T1,P23_TS_T1,1,S12,fw_A12,GTACACCT,Rev_A12,AGGTGTAC,21.8666724,418,79.26153545,106,12,P23,tracheal_secretion,TS,Human,T1,Standard,T1_Standard,T1_TS,T1_Standard_TS,74,175,80,26.1,male
P24_LL_T1,P24_LL_T1,1,S17,fw_B5,AGACCTTG,Rev_B5,CAAGGTCT,80.1438624,418,290.5026185,106,17,P24,lower_left_lung,LLL,Human,T1,Standard,T1_Standard,T1_LLL,T1_Standard_LLL,67,178,62,19.6,male
P24_RUL_T1,P24_RUL_T1,1,S15,fw_B3,AGCCTATC,Rev_B3,GATAGGCT,78.2561892,418,283.6602479,106,15,P24,upper_right_lung,URL,Human,T1,Standard,T1_Standard,T1_URL,T1_Standard_URL,67,178,62,19.6,male
P24_RLL_T1,P24_RLL_T1,1,S16,fw_B4,CTGTACCA,Rev_B4,TGGTACAG,92.1416124,418,333.9916355,106,16,P24,lower_left_lung,LLL,Human,T1,Standard,T1_Standard,T1_LLL,T1_Standard_LLL,67,178,62,19.6,male
P24_Throat_T1,P24_Throat_T1,1,S18,fw_B6,AGGATAGC,Rev_B6,GCTATCCT,113.6625018,418,411.999789,106,18,P24,Throat,T,Human,T1,Standard,T1_Standard,T1_T,T1_Standard_T,67,178,62,19.6,male
P24_Tube_T3,P24_Tube_T3,1,S19,fw_B7,CCTTCCAT,Rev_B7,ATGGAAGG,133.3310988,418,483.2938191,106,19,P24,Tube,Tube,Human,T3,Standard,T3_Standard,T3_Tube,T3_Standard_Tube,67,178,62,19.6,male
P26_LL_T1,P26_LL_T1,1,S22,fw_B10,CACAGACT,Rev_B10,AGTCTGTG,93.5049144,418,338.933284,106,22,P26,lower_left_lung,LLL,Human,T1,Venner,T1_Venner,T1_LLL,T1_Venner_LLL,76,168,67,23,male
P26_RUL_T1,P26_RUL_T1,1,S20,fw_B8,GTCCTTGA,Rev_B8,TCAAGGAC,83.8989666,418,304.1139865,106,20,P26,upper_right_lung,URL,Human,T1,Venner,T1_Venner,T1_URL,T1_Venner_URL,76,168,67,23,male
P26_RLL_T1,P26_RLL_T1,1,S21,fw_B9,TGCGTAAC,Rev_B9,GTTACGCA,83.2974108,418,301.9334885,106,21,P26,lower_left_lung,LLL,Human,T1,Venner,T1_Venner,T1_LLL,T1_Venner_LLL,76,168,67,23,male
P26_Throat_T1,P26_Throat_T1,1,S24,fw_B12,CCAAGGTT,Rev_B12,AACCTTGG,81.0469782,418,293.7762005,106,24,P26,Throat,T,Human,T1,Venner,T1_Venner,T1_T,T1_Venner_T,76,168,67,23,male
P26_Throat_T2,P26_Throat_T2,2,S26,fw_C2,TTCCAGGT,Rev_C2,ACCTGGAA,74.1246408,418,268.6843584,106,26,P26,Throat,T,Human,T2,Venner,T2_Venner,T2_T,T2_Venner_T,76,168,67,23,male
P26_TS_T1,P26_TS_T1,1,S23,fw_B11,TTACGTGC,Rev_B11,GCACGTAA,108.212547,418,392.244987,106,23,P26,tracheal_secretion,TS,Human,T1,Venner,T1_Venner,T1_TS,T1_Venner_TS,76,168,67,23,male
P26_Tube_T3,P26_Tube_T3,2,S25,fw_C1,CACGCAAT,Rev_C1,ATTGCGTG,25.5115974,418,92.4735298,106,25,P26,Tube,Tube,Human,T3,Venner,T3_Venner,T3_Tube,T3_Venner_Tube,76,168,67,23,male
P27_LL_T1,P27_LL_T1,2,S29,fw_C5,GTCGTTAC,Rev_C5,GTAACGAC,23.88468,418,86.57633754,106,29,P27,lower_left_lung,LLL,Human,T1,Standard,T1_Standard,T1_LLL,T1_Standard_LLL,80,172,68,23,male
P27_RUL_T1,P27_RUL_T1,2,S27,fw_C3,TCATCTCC,Rev_C3,GGAGATGA,28.913607,418,104.805013,106,27,P27,upper_right_lung,URL,Human,T1,Standard,T1_Standard,T1_URL,T1_Standard_URL,80,172,68,23,male
P27_RLL_T1,P27_RLL_T1,2,S28,fw_C4,GAGAGTAC,Rev_C4,GTACTCTC,41.1566856,418,149.1832884,106,28,P27,lower_left_lung,LLL,Human,T1,Standard,T1_Standard,T1_LLL,T1_Standard_LLL,80,172,68,23,male
P27_Throat_T1,P27_Throat_T1,2,S31,fw_C7,AGGAACAC,Rev_C7,GTGTTCCT,76.3514196,418,276.7559069,106,31,P27,Throat,T,Human,T1,Standard,T1_Standard,T1_T,T1_Standard_T,80,172,68,23,male
P27_Throat_T2,P27_Throat_T2,2,S33,fw_C9,CTTGCTAG,Rev_C9,CTAGCAAG,103.6061148,418,375.5477555,106,33,P27,Throat,T,Human,T2,Standard,T2_Standard,T2_T,T2_Standard_T,80,172,68,23,male
P27_TS_T1,P27_TS_T1,2,S30,fw_C6,GGAGGAAT,Rev_C6,ATTCCTCC,30.01062,418,108.7814267,106,30,P27,tracheal_secretion,TS,Human,T1,Standard,T1_Standard,T1_TS,T1_Standard_TS,80,172,68,23,male
P27_Tube_T3,P27_Tube_T3,2,S32,fw_C8,CAGTGCTT,Rev_C8,AAGCACTG,67.6742808,418,245.3033232,106,32,P27,Tube,Tube,Human,T3,Standard,T3_Standard,T3_Tube,T3_Standard_Tube,80,172,68,23,male
P28_LRL_T1,P28_LRL_T1,1,S17,fw_B5,AGACCTTG,Rev_B5,CAAGGTCT,45.8935206,418,166.3531992,108,17,P28,lower_right_lung,LRL,Human,T1,Venner,T1_Venner,T1_LRL,T1_Venner_LRL,87,186,65,18.8,male
P28_Throat_T1,P28_Throat_T1,1,S18,fw_B6,AGGATAGC,Rev_B6,GCTATCCT,56.6830104,418,205.4625576,108,18,P28,Throat,T,Human,T1,Venner,T1_Venner,T1_T,T1_Venner_T,87,186,65,18.8,male
P28_Throat_T2,P28_Throat_T2,1,S19,fw_B7,CCTTCCAT,Rev_B7,ATGGAAGG,62.8486116,418,227.8114093,108,19,P28,Throat,T,Human,T2,Venner,T2_Venner,T2_T,T2_Venner_T,87,186,65,18.8,male
P28_TS_T1,P28_TS_T1,1,S20,fw_B8,GTCCTTGA,Rev_B8,TCAAGGAC,63.329361,418,229.5540126,108,20,P28,tracheal_secretion,TS,Human,T1,Venner,T1_Venner,T1_TS,T1_Venner_TS,87,186,65,18.8,male
P28_Tube_T3,P28_Tube_T3,1,S21,fw_B9,TGCGTAAC,Rev_B9,GTTACGCA,60.5430006,418,219.4541127,108,21,P28,Tube,Tube,Human,T3,Venner,T3_Venner,T3_Tube,T3_Venner_Tube,87,186,65,18.8,male
P29_LL_T1,P29_LL_T1,1,S22,fw_B10,CACAGACT,Rev_B10,AGTCTGTG,33.2573322,418,120.5499935,108,22,P29,lower_left_lung,LLL,Human,T1,Standard,T1_Standard,T1_LLL,T1_Standard_LLL,60,172,52,17.6,male
P29_LL_T2,P29_LL_T2,1,S1,fw_A1,CCACAACA,Rev_A1,TGTTGTGG,7.387542,418,26.77809917,114,1,P29,lower_left_lung,LLL,Human,T2,Standard,T2_Standard,T2_LLL,T2_Standard_LLL,60,172,52,17.6,male
P29_LRL_T2,P29_LRL_T2,1,S23,fw_B11,TTACGTGC,Rev_B11,GCACGTAA,56.3455056,418,204.2391823,108,23,P29,lower_right_lung,LRL,Human,T2,Standard,T2_Standard,T2_LRL,T2_Standard_LRL,60,172,52,17.6,male
P29_URL_T1,P29_URL_T1,1,S26,fw_C2,TTCCAGGT,Rev_C2,ACCTGGAA,35.1525318,418,127.4196455,108,26,P29,upper_right_lung,URL,Human,T1,Standard,T1_Standard,T1_URL,T1_Standard_URL,60,172,52,17.6,male
P29_URL_T2,P29_URL_T2,1,S2,fw_A2,TTACCGAC,Rev_A2,GTCGGTAA,3.4905468,418,12.65240974,114,2,P29,upper_right_lung,URL,Human,T2,Standard,T2_Standard,T2_URL,T2_Standard_URL,60,172,52,17.6,male
P29_Throat_T2,P29_Throat_T2,1,S24,fw_B12,CCAAGGTT,Rev_B12,AACCTTGG,53.3551362,418,193.3997977,108,24,P29,Throat,T,Human,T2,Standard,T2_Standard,T2_T,T2_Standard_T,60,172,52,17.6,male
P29_TS_T2,P29_TS_T2,1,S25,fw_C1,CACGCAAT,Rev_C1,ATTGCGTG,40.1623914,418,145.5792062,108,25,P29,tracheal_secretion,TS,Human,T2,Standard,T2_Standard,T2_TS,T2_Standard_TS,60,172,52,17.6,male
P3_TrachialSwap_T1,P3_TrachialSwap_T1,4,S91,fw_H7,GTACCACA,Rev_H7,CAATCGAC,68.6454144,418,248.8234537,102,91,P3,Throat,T,Human,T1,Standard,T1_Standard,T1_T,T1_Standard_T,64,165,160,58.8,female
P3_OL_R_T1,P3_OL_R_T1,2,S30,fw_C6,GGAGGAAT,Rev_C6,GCTGTAAG,53.55744696,418,194.1331266,102,30,P3,upper_right_lung,URL,Human,T1,Standard,T1_Standard,T1_URL,T1_Standard_URL,64,165,160,58.8,female
P3_OL_R_T2,P3_OL_R_T2,3,S34,fw_C10,TGGAAGCA,Rev_C10,GCAATTCG,77.2076736,418,279.8596259,102,34,P3,upper_right_lung,URL,Human,T2,Standard,T2_Standard,T2_URL,T2_Standard_URL,64,165,160,58.8,female
P3_ThroatSwap_T2,P3_ThroatSwap_T2,4,S93,fw_H9,CGAGAGAA,Rev_H9,TCGCATTG,68.3882616,418,247.8913354,102,93,P3,Throat,T,Human,T2,Standard,T2_Standard,T2_T,T2_Standard_T,64,165,160,58.8,female
P3_TS_T1,P3_TS_T1,3,S33,fw_C9,CTTGCTAG,Rev_C9,TAGCGTCT,71.29423728,418,258.4248125,102,33,P3,tracheal_secretion,TS,Human,T1,Standard,T1_Standard,T1_TS,T1_Standard_TS,64,165,160,58.8,female
P3_TS_T2,P3_TS_T2,3,S37,fw_D1,GGAATGTC,Rev_D1,GAATCCGA,81.04078008,418,293.7537338,102,37,P3,tracheal_secretion,TS,Human,T2,Standard,T2_Standard,T2_TS,T2_Standard_TS,64,165,160,58.8,female
P3_TubeSwap_T3,P3_TubeSwap_T3,4,S92,fw_H8,GGTATAGG,Rev_H8,CTTCTGAG,75.0540588,418,272.0532797,102,92,P3,Tube,Tube,Human,T3,Standard,T3_Standard,T3_Tube,T3_Standard_Tube,64,165,160,58.8,female
P3_UL_L_T1,P3_UL_L_T1,2,S32,fw_C8,CAGTGCTT,Rev_C8,TGGAGTTG,48.65020776,418,176.3455407,102,32,P3,lower_left_lung,LLL,Human,T1,Standard,T1_Standard,T1_LLL,T1_Standard_LLL,64,165,160,58.8,female
P3_UL_L_T2,P3_UL_L_T2,3,S36,fw_C12,GAACGGTT,Rev_C12,TGTGGTAC,41.92628544,418,151.9729065,102,36,P3,lower_left_lung,LLL,Human,T2,Standard,T2_Standard,T2_LLL,T2_Standard_LLL,64,165,160,58.8,female
P3_UL_R_T1,P3_UL_R_T1,2,S31,fw_C7,AGGAACAC,Rev_C7,TCTCGCAA,46.23172704,418,167.5791179,102,31,P3,lower_right_lung,LRL,Human,T1,Standard,T1_Standard,T1_LRL,T1_Standard_LRL,64,165,160,58.8,female
P3_UL_R_T2,P3_UL_R_T2,3,S35,fw_C11,AGCTAAGC,Rev_C11,CAGTGAAG,53.72070264,418,194.72489,102,35,P3,lower_right_lung,LRL,Human,T2,Standard,T2_Standard,T2_LRL,T2_Standard_LRL,64,165,160,58.8,female
P30_LL_T1,P30_LL_T1,1,S27,fw_C3,TCATCTCC,Rev_C3,GGAGATGA,51.7530744,418,187.5927012,108,27,P30,lower_left_lung,LLL,Human,T1,Venner,T1_Venner,T1_LLL,T1_Venner_LLL,81,182,76,22.9,male
P30_LL_T2,P30_LL_T2,1,S28,fw_C4,GAGAGTAC,Rev_C4,GTACTCTC,51.2735298,418,185.854465,108,28,P30,lower_left_lung,LLL,Human,T2,Venner,T2_Venner,T2_LLL,T2_Venner_LLL,81,182,76,22.9,male
P30_LRL_T1,P30_LRL_T1,1,S29,fw_C5,GTCGTTAC,Rev_C5,GTAACGAC,69.1647834,418,250.7060439,108,29,P30,lower_right_lung,LRL,Human,T1,Venner,T1_Venner,T1_LRL,T1_Venner_LRL,81,182,76,22.9,male
P30_LRL_T2,P30_LRL_T2,1,S3,fw_A3,AGTGACCT,Rev_A3,AGGTCACT,40.4807058,418,146.7330209,114,3,P30,lower_right_lung,LRL,Human,T2,Venner,T2_Venner,T2_LRL,T2_Venner_LRL,81,182,76,22.9,male
P30_URL_T1,P30_URL_T1,2,S30,fw_C6,GGAGGAAT,Rev_C6,ATTCCTCC,62.785131,418,227.5813071,108,30,P30,upper_right_lung,URL,Human,T1,Venner,T1_Venner,T1_URL,T1_Venner_URL,81,182,76,22.9,male
P30_URL_T2,P30_URL_T2,2,S31,fw_C7,AGGAACAC,Rev_C7,GTGTTCCT,61.863921,418,224.2421379,108,31,P30,upper_right_lung,URL,Human,T2,Venner,T2_Venner,T2_URL,T2_Venner_URL,81,182,76,22.9,male
P30_Throat_T1,P30_Throat_T1,1,S4,fw_A4,TCGGATTC,Rev_A4,GAATCCGA,41.6714376,418,151.0491431,114,4,P30,Throat,T,Human,T1,Venner,T1_Venner,T1_T,T1_Venner_T,81,182,76,22.9,male
P30_Throat_T2,P30_Throat_T2,1,S5,fw_A5,CAAGGTAC,Rev_A5,GTACCTTG,52.8322368,418,191.5044106,114,5,P30,Throat,T,Human,T2,Venner,T2_Venner,T2_T,T2_Venner_T,81,182,76,22.9,male
P30_TS_T1,P30_TS_T1,1,S6,fw_A6,TCCTCATG,Rev_A6,CATGAGGA,43.4613054,418,157.5369922,114,6,P30,tracheal_secretion,TS,Human,T1,Venner,T1_Venner,T1_TS,T1_Venner_TS,81,182,76,22.9,male
P30_TS_T2,P30_TS_T2,1,S7,fw_A7,GTCAGTCA,Rev_A7,TGACTGAC,24.2228718,418,87.80220313,114,7,P30,tracheal_secretion,TS,Human,T2,Venner,T2_Venner,T2_TS,T2_Venner_TS,81,182,76,22.9,male
P30_Tube_T3,P30_Tube_T3,1,S8,fw_A8,CGAATACG,Rev_A8,CGTATTCG,38.8668984,418,140.8833493,114,8,P30,Tube,Tube,Human,T3,Venner,T3_Venner,T3_Tube,T3_Venner_Tube,81,182,76,22.9,male
P31_LL_T1,P31_LL_T1,2,S32,fw_C8,CAGTGCTT,Rev_C8,AAGCACTG,49.4790942,418,179.3500587,108,32,P31,lower_left_lung,LLL,Human,T1,Standard,T1_Standard,T1_LLL,T1_Standard_LLL,65,173,98,32.7,male
P31_LL_T2,P31_LL_T2,2,S33,fw_C9,CTTGCTAG,Rev_C9,CTAGCAAG,63.5089692,418,230.20505,108,33,P31,lower_left_lung,LLL,Human,T2,Standard,T2_Standard,T2_LLL,T2_Standard_LLL,65,173,98,32.7,male
P31_LRL_T2,P31_LRL_T2,2,S34,fw_C10,TGGAAGCA,Rev_C10,TGCTTCCA,59.9482722,418,217.2983623,108,34,P31,lower_right_lung,LRL,Human,T2,Standard,T2_Standard,T2_LRL,T2_Standard_LRL,65,173,98,32.7,male
P31_LRL_T1,P31_LRL_T1,1,S9,fw_A9,TCTAGGAG,Rev_A9,CTCCTAGA,19.50663,418,70.7069378,114,9,P31,lower_right_lung,LRL,Human,T1,Standard,T1_Standard,T1_LRL,T1_Standard_LRL,65,173,98,32.7,male
P31_URL_T1,P31_URL_T1,2,S39,fw_D3,CCAGTATC,Rev_D3,GATACTGG,57.0690612,418,206.8619008,108,39,P31,upper_right_lung,URL,Human,T1,Standard,T1_Standard,T1_URL,T1_Standard_URL,65,173,98,32.7,male
P31_URL_T2,P31_URL_T2,1,S10,fw_A10,CGCAACTA,Rev_A10,TAGTTGCG,35.612046,418,129.0852762,114,10,P31,upper_right_lung,URL,Human,T2,Standard,T2_Standard,T2_URL,T2_Standard_URL,65,173,98,32.7,male
P31_Throat_T1,P31_Throat_T1,2,S35,fw_C11,AGCTAAGC,Rev_C11,GCTTAGCT,64.4483928,418,233.6102392,108,35,P31,Throat,T,Human,T1,Standard,T1_Standard,T1_T,T1_Standard_T,65,173,98,32.7,male
P31_Throat_T2,P31_Throat_T2,2,S36,fw_C12,GAACGGTT,Rev_C12,AACCGTTC,65.7256902,418,238.2401414,108,36,P31,Throat,T,Human,T2,Standard,T2_Standard,T2_T,T2_Standard_T,65,173,98,32.7,male
P31_TS_T1,P31_TS_T1,2,S37,fw_D1,GGAATGTC,Rev_D1,GACATTCC,51.4536438,418,186.5073358,108,37,P31,tracheal_secretion,TS,Human,T1,Standard,T1_Standard,T1_TS,T1_Standard_TS,65,173,98,32.7,male
P31_TS_T2,P31_TS_T2,2,S38,fw_D2,TACGGTCT,Rev_D2,AGACCGTA,54.605529,418,197.932177,108,38,P31,tracheal_secretion,TS,Human,T2,Standard,T2_Standard,T2_TS,T2_Standard_TS,65,173,98,32.7,male
P32_LL_T1,P32_LL_T1,1,S11,fw_A11,CGTATCTC,Rev_A11,GAGATACG,18.3737916,418,66.60066551,114,11,P32,lower_left_lung,LLL,Human,T1,Venner,T1_Venner,T1_LLL,T1_Venner_LLL,80,165,52,19.1,male
P32_LRL_T1,P32_LRL_T1,2,S40,fw_D4,TCTACGCA,Rev_D4,TGCGTAGA,42.9757482,418,155.7769617,108,40,P32,lower_right_lung,LRL,Human,T1,Venner,T1_Venner,T1_LRL,T1_Venner_LRL,80,165,52,19.1,male
P32_Throat_T1,P32_Throat_T1,2,S41,fw_D5,GTAACCGA,Rev_D5,TCGGTTAC,63.0391104,418,228.5019226,108,41,P32,Throat,T,Human,T1,Venner,T1_Venner,T1_T,T1_Venner_T,80,165,52,19.1,male
P32_Throat_T2,P32_Throat_T2,2,S36,fw_C12,GAACGGTT,Rev_C12,AACCGTTC,31.5116178,418,114.2221901,114,36,P32,Throat,T,Human,T2,Venner,T2_Venner,T2_T,T2_Venner_T,80,165,52,19.1,male
P32_Tube_T3,P32_Tube_T3,2,S42,fw_D6,GACGTCAT,Rev_D6,ATGACGTC,63.2486922,418,229.2616072,108,42,P32,Tube,Tube,Human,T3,Venner,T3_Venner,T3_Tube,T3_Venner_Tube,80,165,52,19.1,male
P33_LL_T2,P33_LL_T2,2,S43,fw_D7,CTTACAGC,Rev_D7,GCTGTAAG,50.8477608,418,184.3111527,108,43,P33,lower_left_lung,LLL,Human,T2,Venner,T2_Venner,T2_LLL,T2_Venner_LLL,76,163,69,26,female
P33_LL_T1,P33_LL_T1,2,S37,fw_D1,GGAATGTC,Rev_D1,GACATTCC,14.3760762,418,52.10988908,114,37,P33,lower_left_lung,LLL,Human,T1,Venner,T1_Venner,T1_LLL,T1_Venner_LLL,76,163,69,26,female
P33_LRL_T1,P33_LRL_T1,2,S44,fw_D8,TCCATTGC,Rev_D8,GCAATGGA,59.7216252,418,216.4768204,108,44,P33,lower_right_lung,LRL,Human,T1,Venner,T1_Venner,T1_LRL,T1_Venner_LRL,76,163,69,26,female
P33_LRL_T2,P33_LRL_T2,2,S45,fw_D9,AGCGAGAT,Rev_D9,ATCTCGCT,60.8633394,418,220.6152653,108,45,P33,lower_right_lung,LRL,Human,T2,Venner,T2_Venner,T2_LRL,T2_Venner_LRL,76,163,69,26,female
P33_URL_T1,P33_URL_T1,3,S51,fw_E3,TTGCGAGA,Rev_E3,TCTCGCAA,56.1291078,418,203.4547912,108,51,P33,upper_right_lung,URL,Human,T1,Venner,T1_Venner,T1_URL,T1_Venner_URL,76,163,69,26,female
P33_URL_T2,P33_URL_T2,2,S38,fw_D2,TACGGTCT,Rev_D2,AGACCGTA,5.1475956,418,18.65882123,114,38,P33,upper_right_lung,URL,Human,T2,Venner,T2_Venner,T2_URL,T2_Venner_URL,76,163,69,26,female
P33_Throat_T1,P33_Throat_T1,2,S46,fw_D10,CAATAGCC,Rev_D10,GGCTATTG,69.9283956,418,253.4739582,108,46,P33,Throat,T,Human,T1,Venner,T1_Venner,T1_T,T1_Venner_T,76,163,69,26,female
P33_Throat_T2,P33_Throat_T2,2,S47,fw_D11,AAGACACC,Rev_D11,GGTGTCTT,68.4292422,418,248.0398804,108,47,P33,Throat,T,Human,T2,Venner,T2_Venner,T2_T,T2_Venner_T,76,163,69,26,female
P33_TS_T1,P33_TS_T1,2,S48,fw_D12,CCAGTTGA,Rev_D12,TCAACTGG,60.4610844,418,219.1571857,108,48,P33,tracheal_secretion,TS,Human,T1,Venner,T1_Venner,T1_TS,T1_Venner_TS,76,163,69,26,female
P33_TS_T2,P33_TS_T2,2,S49,fw_E1,TGGTGAAG,Rev_E1,CTTCACCA,51.8909988,418,188.0926446,108,49,P33,tracheal_secretion,TS,Human,T2,Venner,T2_Venner,T2_TS,T2_Venner_TS,76,163,69,26,female
P33_Tube_T3,P33_Tube_T3,2,S50,fw_E2,AAGACCGT,Rev_E2,ACGGTCTT,49.4272398,418,179.1620987,108,50,P33,Tube,Tube,Human,T3,Venner,T3_Venner,T3_Tube,T3_Venner_Tube,76,163,69,26,female
P35_LL_T1,P35_LL_T1,3,S52,fw_E4,GCAATTCC,Rev_E4,GGAATTGC,61.8914298,418,224.3418508,108,52,P35,lower_left_lung,LLL,Human,T1,Venner,T1_Venner,T1_LLL,T1_Venner_LLL,61,170,52,18,male
P35_LL_T2,P35_LL_T2,3,S53,fw_E5,GAATCCGT,Rev_E5,ACGGATTC,55.8396624,418,202.4056198,108,53,P35,lower_left_lung,LLL,Human,T2,Venner,T2_Venner,T2_LLL,T2_Venner_LLL,61,170,52,18,male
P35_LRL_T1,P35_LRL_T1,3,S54,fw_E6,CCGCTTAA,Rev_E6,TTAAGCGG,71.1804426,418,258.0123336,108,54,P35,lower_right_lung,LRL,Human,T1,Venner,T1_Venner,T1_LRL,T1_Venner_LRL,61,170,52,18,male
P35_LRL_T2,P35_LRL_T2,3,S56,fw_E8,GTCGATTG,Rev_E8,CAATCGAC,60.8716848,418,220.6455154,108,56,P35,lower_right_lung,LRL,Human,T2,Venner,T2_Venner,T2_LRL,T2_Venner_LRL,61,170,52,18,male
P35_URL_T2,P35_URL_T2,3,S60,fw_E12,GTCATCGT,Rev_E12,ACGATGAC,68.0769894,418,246.763047,108,60,P35,upper_right_lung,URL,Human,T2,Venner,T2_Venner,T2_URL,T2_Venner_URL,61,170,52,18,male
P35_URL_T1,P35_URL_T1,2,S41,fw_D5,GTAACCGA,Rev_D5,TCGGTTAC,30.0036642,418,108.7562136,114,41,P35,upper_right_lung,URL,Human,T1,Venner,T1_Venner,T1_URL,T1_Venner_URL,61,170,52,18,male
P35_Throat_T2,P35_Throat_T2,3,S57,fw_E9,TATGGCAC,Rev_E9,GTGCCATA,66.5358636,418,241.1768291,108,57,P35,Throat,T,Human,T2,Venner,T2_Venner,T2_T,T2_Venner_T,61,170,52,18,male
P35_Throat_T1,P35_Throat_T1,2,S39,fw_D3,CCAGTATC,Rev_D3,GATACTGG,28.8771894,418,104.6730078,114,39,P35,Throat,T,Human,T1,Venner,T1_Venner,T1_T,T1_Venner_T,61,170,52,18,male
P35_TS_T1,P35_TS_T1,3,S58,fw_E10,CTCGAACA,Rev_E10,TGTTCGAG,78.476439,418,284.4586016,108,58,P35,tracheal_secretion,TS,Human,T1,Venner,T1_Venner,T1_TS,T1_Venner_TS,61,170,52,18,male
P35_TS_T2,P35_TS_T2,3,S59,fw_E11,CAACTCCA,Rev_E11,TGGAGTTG,64.8757692,418,235.159378,108,59,P35,tracheal_secretion,TS,Human,T2,Venner,T2_Venner,T2_TS,T2_Venner_TS,61,170,52,18,male
P35_Tube_T3,P35_Tube_T3,2,S40,fw_D4,TCTACGCA,Rev_D4,TGCGTAGA,20.4924702,418,74.28037625,114,40,P35,Tube,Tube,Human,T3,Venner,T3_Venner,T3_Tube,T3_Venner_Tube,61,170,52,18,male
P36_LL_T1,P36_LL_T1,2,S42,fw_D6,GACGTCAT,Rev_D6,ATGACGTC,21.057831,418,76.32967595,114,42,P36,lower_left_lung,LLL,Human,T1,Venner,T1_Venner,T1_LLL,T1_Venner_LLL,57,173,66,22.1,male
P36_LRL_T1,P36_LRL_T1,3,S61,fw_F1,GGACATCA,Rev_F1,TGATGTCC,60.867489,418,220.6303067,108,61,P36,lower_right_lung,LRL,Human,T1,Venner,T1_Venner,T1_LRL,T1_Venner_LRL,57,173,66,22.1,male
P36_Throat_T1,P36_Throat_T1,3,S62,fw_F2,CAGGTTCA,Rev_F2,TGAACCTG,53.60553,418,194.3074163,108,62,P36,Throat,T,Human,T1,Venner,T1_Venner,T1_T,T1_Venner_T,57,173,66,22.1,male
P36_TS_T1,P36_TS_T1,2,S43,fw_D7,CTTACAGC,Rev_D7,GCTGTAAG,42.3199152,418,153.3997216,114,43,P36,tracheal_secretion,TS,Human,T1,Venner,T1_Venner,T1_TS,T1_Venner_TS,57,173,66,22.1,male
P36_Tube_T3,P36_Tube_T3,3,S63,fw_F3,GAACGAAG,Rev_F3,CTTCGTTC,51.6931188,418,187.3753763,108,63,P36,Tube,Tube,Human,T3,Venner,T3_Venner,T3_Tube,T3_Venner_Tube,57,173,66,22.1,male
P37_LL_T1,P37_LL_T1,3,S64,fw_F4,CTCAGAAG,Rev_F4,CTTCTGAG,60.4902834,418,219.2630252,108,64,P37,lower_left_lung,LLL,Human,T1,Standard,T1_Standard,T1_LLL,T1_Standard_LLL,84,184,97,28.7,male
P37_LL_T2,P37_LL_T2,3,S66,fw_F6,GACGAACT,Rev_F6,AGTTCGTC,59.615139,418,216.090833,108,66,P37,lower_left_lung,LLL,Human,T2,Standard,T2_Standard,T2_LLL,T2_Standard_LLL,84,184,97,28.7,male
P37_LRL_T1,P37_LRL_T1,3,S67,fw_F7,AGACGCTA,Rev_F7,TAGCGTCT,70.0860084,418,254.0452675,108,67,P37,lower_right_lung,LRL,Human,T1,Standard,T1_Standard,T1_LRL,T1_Standard_LRL,84,184,97,28.7,male
P37_LRL_T2,P37_LRL_T2,3,S68,fw_F8,ATAACGCC,Rev_F8,GGCGTTAT,58.201215,418,210.9656916,108,68,P37,lower_right_lung,LRL,Human,T2,Standard,T2_Standard,T2_LRL,T2_Standard_LRL,84,184,97,28.7,male
P37_URL_T1,P37_URL_T1,3,S73,fw_G1,GGTGTACA,Rev_G1,TGTACACC,67.4700834,418,244.5631557,108,73,P37,upper_right_lung,URL,Human,T1,Standard,T1_Standard,T1_URL,T1_Standard_URL,84,184,97,28.7,male
P37_Throat_T1,P37_Throat_T1,3,S69,fw_F9,GAATCACC,Rev_F9,GGTGATTC,62.651931,418,227.0984885,108,69,P37,Throat,T,Human,T1,Standard,T1_Standard,T1_T,T1_Standard_T,84,184,97,28.7,male
P37_Throat_T2,P37_Throat_T2,3,S70,fw_F10,GGCAAGTT,Rev_F10,AACTTGCC,58.0509,418,210.4208351,108,70,P37,Throat,T,Human,T2,Standard,T2_Standard,T2_T,T2_Standard_T,84,184,97,28.7,male
P37_TS_T1,P37_TS_T1,3,S71,fw_F11,GATCTTGC,Rev_F11,GCAAGATC,60.9560268,418,220.9512353,108,71,P37,tracheal_secretion,TS,Human,T1,Standard,T1_Standard,T1_TS,T1_Standard_TS,84,184,97,28.7,male
P37_TS_T2,P37_TS_T2,3,S72,fw_F12,CAATGCGA,Rev_F12,TCGCATTG,56.2536072,418,203.9060722,108,72,P37,tracheal_secretion,TS,Human,T2,Standard,T2_Standard,T2_TS,T2_Standard_TS,84,184,97,28.7,male
P37_Tube_T3,P37_Tube_T3,2,S44,fw_D8,TCCATTGC,Rev_D8,GCAATGGA,29.6485026,418,107.4688365,114,44,P37,Tube,Tube,Human,T3,Standard,T3_Standard,T3_Tube,T3_Standard_Tube,84,184,97,28.7,male
P38_LL_T1,P38_LL_T1,3,S74,fw_G2,TAGGAGCT,Rev_G2,AGCTCCTA,62.3099916,418,225.8590387,108,74,P38,lower_left_lung,LLL,Human,T1,Venner,T1_Venner,T1_LLL,T1_Venner_LLL,73,176,68,22,male
P38_LL_T2,P38_LL_T2,2,S46,fw_D10,CAATAGCC,Rev_D10,GGCTATTG,16.5700578,418,60.06255546,114,46,P38,lower_left_lung,LLL,Human,T2,Venner,T2_Venner,T2_LLL,T2_Venner_LLL,73,176,68,22,male
P38_LRL_T1,P38_LRL_T1,4,S75,fw_G3,CGAATTGC,Rev_G3,GCAATTCG,62.9573256,418,228.2054719,108,75,P38,lower_right_lung,LRL,Human,T1,Venner,T1_Venner,T1_LRL,T1_Venner_LRL,73,176,68,22,male
P38_LRL_T2,P38_LRL_T2,4,S76,fw_G4,GTCCTAAG,Rev_G4,CTTAGGAC,66.6446028,418,241.570983,108,76,P38,lower_right_lung,LRL,Human,T2,Venner,T2_Venner,T2_LRL,T2_Venner_LRL,73,176,68,22,male
P38_URL_T1,P38_URL_T1,4,S81,fw_G9,GTAAGGTG,Rev_G9,CACCTTAC,72.898458,418,264.2397347,108,81,P38,upper_right_lung,URL,Human,T1,Venner,T1_Venner,T1_URL,T1_Venner_URL,73,176,68,22,male
P38_URL_T2,P38_URL_T2,2,S48,fw_D12,CCAGTTGA,Rev_D12,TCAACTGG,2.6369454,418,9.558305785,114,48,P38,upper_right_lung,URL,Human,T2,Venner,T2_Venner,T2_URL,T2_Venner_URL,73,176,68,22,male
P38_Throat_T1,P38_Throat_T1,4,S77,fw_G5,CTTAGGAC,Rev_G5,GTCCTAAG,57.1422096,418,207.1270465,108,77,P38,Throat,T,Human,T1,Venner,T1_Venner,T1_T,T1_Venner_T,73,176,68,22,male
P38_Throat_T2,P38_Throat_T2,4,S78,fw_G6,TCCACGTT,Rev_G6,AACGTGGA,64.2109698,418,232.7496368,108,78,P38,Throat,T,Human,T2,Venner,T2_Venner,T2_T,T2_Venner_T,73,176,68,22,male
P38_TS_T1,P38_TS_T1,4,S79,fw_G7,CAACACAG,Rev_G7,CTGTGTTG,62.46942,418,226.4369291,108,79,P38,tracheal_secretion,TS,Human,T1,Venner,T1_Venner,T1_TS,T1_Venner_TS,73,176,68,22,male
P38_TS_T2,P38_TS_T2,2,S47,fw_D11,AAGACACC,Rev_D11,GGTGTCTT,8.88306,418,32.19899957,114,47,P38,tracheal_secretion,TS,Human,T2,Venner,T2_Venner,T2_TS,T2_Venner_TS,73,176,68,22,male
P38_Tube_T3,P38_Tube_T3,4,S80,fw_G8,GCCTTAAC,Rev_G8,GTTAAGGC,63.1792068,418,229.009739,108,80,P38,Tube,Tube,Human,T3,Venner,T3_Venner,T3_Tube,T3_Venner_Tube,73,176,68,22,male
P39_LL_T1,P39_LL_T1,4,S82,fw_G10,AGCTACCA,Rev_G10,TGGTAGCT,74.3015586,418,269.3256438,108,82,P39,lower_left_lung,LLL,Human,T1,Standard,T1_Standard,T1_LLL,T1_Standard_LLL,72,168,53,18.8,female
P39_LL_T2,P39_LL_T2,4,S83,fw_G11,CTTCACTG,Rev_G11,CAGTGAAG,67.439886,418,244.4536973,108,83,P39,lower_left_lung,LLL,Human,T2,Standard,T2_Standard,T2_LLL,T2_Standard_LLL,72,168,53,18.8,female
P39_LRL_T1,P39_LRL_T1,4,S84,fw_G12,GGTTGAAC,Rev_G12,GTTCAACC,71.049996,418,257.5394954,108,84,P39,lower_right_lung,LRL,Human,T1,Standard,T1_Standard,T1_LRL,T1_Standard_LRL,72,168,53,18.8,female
P39_LRL_T2,P39_LRL_T2,4,S85,fw_H1,GATAGCCA,Rev_H1,TGGCTATC,53.2852002,418,193.1462962,108,85,P39,lower_right_lung,LRL,Human,T2,Standard,T2_Standard,T2_LRL,T2_Standard_LRL,72,168,53,18.8,female
P39_URL_T1,P39_URL_T1,4,S87,fw_H3,GGAAGAGA,Rev_H3,TCTCTTCC,59.488338,418,215.6312092,108,87,P39,upper_right_lung,URL,Human,T1,Standard,T1_Standard,T1_URL,T1_Standard_URL,72,168,53,18.8,female
P39_URL_T2,P39_URL_T2,4,S88,fw_H4,GCGTTAGA,Rev_H4,TCTAACGC,53.45583,418,193.764789,108,88,P39,upper_right_lung,URL,Human,T2,Standard,T2_Standard,T2_URL,T2_Standard_URL,72,168,53,18.8,female
P39_Throat_T1,P39_Throat_T1,3,S50,fw_E2,AAGACCGT,Rev_E2,ACGGTCTT,36.50782224,418,132.332254,114,50,P39,Throat,T,Human,T1,Standard,T1_Standard,T1_T,T1_Standard_T,72,168,53,18.8,female
P39_Throat_T2,P39_Throat_T2,3,S51,fw_E3,TTGCGAGA,Rev_E3,TCTCGCAA,24.0864024,418,87.30753371,114,51,P39,Throat,T,Human,T2,Standard,T2_Standard,T2_T,T2_Standard_T,72,168,53,18.8,female
P39_TS_T1,P39_TS_T1,3,S52,fw_E4,GCAATTCC,Rev_E4,GGAATTGC,36.17355504,418,131.1206142,114,52,P39,tracheal_secretion,TS,Human,T1,Standard,T1_Standard,T1_TS,T1_Standard_TS,72,168,53,18.8,female
P39_TS_T2,P39_TS_T2,3,S53,fw_E5,GAATCCGT,Rev_E5,ACGGATTC,45.59113848,418,165.2571353,114,53,P39,tracheal_secretion,TS,Human,T2,Standard,T2_Standard,T2_TS,T2_Standard_TS,72,168,53,18.8,female
P39_Tube_T3,P39_Tube_T3,4,S86,fw_H2,TACTCCAG,Rev_H2,CTGGAGTA,51.173007,418,185.4900935,108,86,P39,Tube,Tube,Human,T3,Standard,T3_Standard,T3_Tube,T3_Standard_Tube,72,168,53,18.8,female
P4_OL_R_T1,P4_OL_R_T1,3,S38,fw_D2,TACGGTCT,Rev_D2,AGGTGTAC,46.32282648,418,167.9093319,102,38,P4,upper_right_lung,URL,Human,T1,Standard,T1_Standard,T1_URL,T1_Standard_URL,68,178,68,21.5,male
P4_OL_R_T2,P4_OL_R_T2,3,S42,fw_D6,GACGTCAT,Rev_D6,GCAATGGA,67.26580056,418,243.8226786,102,42,P4,upper_right_lung,URL,Human,T2,Standard,T2_Standard,T2_URL,T2_Standard_URL,68,178,68,21.5,male
P4_ThroatSwap_T2,P4_ThroatSwap_T2,3,S49,fw_E1,TGGTGAAG,Rev_E1,GTACCTTG,75.7900782,418,274.7211766,102,49,P4,Throat,T,Human,T2,Standard,T2_Standard,T2_T,T2_Standard_T,68,178,68,21.5,male
P4_ThroatSwap_T1,P4_ThroatSwap_T1,2,S1,fw_A1,CCACAACA,Rev_A1,TGTTGTGG,75.3445626,418,273.1062875,103,1,P4,Throat,T,Human,T1,Standard,T1_Standard,T1_T,T1_Standard_T,68,178,68,21.5,male
P4_TS_T1,P4_TS_T1,3,S41,fw_D5,GTAACCGA,Rev_D5,AACCGTTC,94.45142016,418,342.3641444,102,41,P4,tracheal_secretion,TS,Human,T1,Standard,T1_Standard,T1_TS,T1_Standard_TS,68,178,68,21.5,male
P4_TS_T2,P4_TS_T2,3,S45,fw_D9,AGCGAGAT,Rev_D9,GGCGTTAT,74.5082568,418,270.074876,102,45,P4,tracheal_secretion,TS,Human,T2,Standard,T2_Standard,T2_TS,T2_Standard_TS,68,178,68,21.5,male
P4_TubeSwap_T3,P4_TubeSwap_T3,2,S2,fw_A2,TTACCGAC,Rev_A2,CTCCTAGA,56.0729778,418,203.2513332,103,2,P4,Tube,Tube,Human,T3,Standard,T3_Standard,T3_Tube,T3_Standard_Tube,68,178,68,21.5,male
P4_UL_L_T1,P4_UL_L_T1,3,S40,fw_D4,TCTACGCA,Rev_D4,GTACTCTC,101.8346688,418,369.1266812,102,40,P4,lower_left_lung,LLL,Human,T1,Standard,T1_Standard,T1_LLL,T1_Standard_LLL,68,178,68,21.5,male
P4_UL_L_T2,P4_UL_L_T2,3,S44,fw_D8,TCCATTGC,Rev_D8,ACGATGAC,76.5225288,418,277.3761375,102,44,P4,lower_left_lung,LLL,Human,T2,Standard,T2_Standard,T2_LLL,T2_Standard_LLL,68,178,68,21.5,male
P4_UL_R_T1,P4_UL_R_T1,3,S39,fw_D3,CCAGTATC,Rev_D3,TCAAGGAC,99.09176904,418,359.1843158,102,39,P4,lower_right_lung,LRL,Human,T1,Standard,T1_Standard,T1_LRL,T1_Standard_LRL,68,178,68,21.5,male
P4_UL_R_T2,P4_UL_R_T2,3,S43,fw_D7,CTTACAGC,Rev_D7,GGAATTGC,65.48435136,418,237.3653449,102,43,P4,lower_right_lung,LRL,Human,T2,Standard,T2_Standard,T2_LRL,T2_Standard_LRL,68,178,68,21.5,male
P40_LL_T1,P40_LL_T1,4,S89,fw_H5,ATCTGACC,Rev_H5,GGTCAGAT,64.8668952,418,235.1272118,108,89,P40,lower_left_lung,LLL,Human,T1,Standard,T1_Standard,T1_LLL,T1_Standard_LLL,62,160,37,14.5,female
P40_LL_T2,P40_LL_T2,3,S55,fw_E7,TACCTGCA,Rev_E7,TGCAGGTA,33.47264208,418,121.3304411,114,55,P40,lower_left_lung,LLL,Human,T2,Standard,T2_Standard,T2_LLL,T2_Standard_LLL,62,160,37,14.5,female
P40_LRL_T1,P40_LRL_T1,4,S90,fw_H6,AACCAGAG,Rev_H6,CTCTGGTT,65.1808308,418,236.2651544,108,90,P40,lower_right_lung,LRL,Human,T1,Standard,T1_Standard,T1_LRL,T1_Standard_LRL,62,160,37,14.5,female
P40_LRL_T2,P40_LRL_T2,3,S56,fw_E8,GTCGATTG,Rev_E8,CAATCGAC,38.77003056,418,140.5322262,114,56,P40,lower_right_lung,LRL,Human,T2,Standard,T2_Standard,T2_LRL,T2_Standard_LRL,62,160,37,14.5,female
P40_URL_T1,P40_URL_T1,4,S93,fw_H9,CGAGAGAA,Rev_H9,TTCTCTCG,76.3208502,418,276.6451,108,93,P40,upper_right_lung,URL,Human,T1,Standard,T1_Standard,T1_URL,T1_Standard_URL,62,160,37,14.5,female
P40_URL_T2,P40_URL_T2,4,S94,fw_H10,CAGCATAC,Rev_H10,GTATGCTG,64.0788996,418,232.2709134,108,94,P40,upper_right_lung,URL,Human,T2,Standard,T2_Standard,T2_URL,T2_Standard_URL,62,160,37,14.5,female
P40_Throat_T1,P40_Throat_T1,3,S57,fw_E9,TATGGCAC,Rev_E9,GTGCCATA,65.60747688,418,237.8116459,114,57,P40,Throat,T,Human,T1,Standard,T1_Standard,T1_T,T1_Standard_T,62,160,37,14.5,female
P40_Throat_T2,P40_Throat_T2,3,S58,fw_E10,CTCGAACA,Rev_E10,TGTTCGAG,42.62704824,418,154.5130065,114,58,P40,Throat,T,Human,T2,Standard,T2_Standard,T2_T,T2_Standard_T,62,160,37,14.5,female
P40_TS_T1,P40_TS_T1,4,S91,fw_H7,GTACCACA,Rev_H7,TGTGGTAC,67.7680206,418,245.6431079,108,91,P40,tracheal_secretion,TS,Human,T1,Standard,T1_Standard,T1_TS,T1_Standard_TS,62,160,37,14.5,female
P40_TS_T2,P40_TS_T2,3,S59,fw_E11,CAACTCCA,Rev_E11,TGGAGTTG,31.7526528,418,115.0958852,114,59,P40,tracheal_secretion,TS,Human,T2,Standard,T2_Standard,T2_TS,T2_Standard_TS,62,160,37,14.5,female
P40_Tube_T3,P40_Tube_T3,4,S92,fw_H8,GGTATAGG,Rev_H8,CCTATACC,45.0826182,418,163.4138691,108,92,P40,Tube,Tube,Human,T3,Standard,T3_Standard,T3_Tube,T3_Standard_Tube,62,160,37,14.5,female
P41_LL_T1,P41_LL_T1,3,S60,fw_E12,GTCATCGT,Rev_E12,ACGATGAC,35.03552592,418,126.9955268,114,60,P41,lower_left_lung,LLL,Human,T1,Venner,T1_Venner,T1_LLL,T1_Venner_LLL,85,164,71,26.4,male
P41_LRL_T1,P41_LRL_T1,4,S86,fw_H2,TACTCCAG,Rev_H2,CTGGAGTA,41.71360296,418,151.2019826,114,86,P41,lower_right_lung,LRL,Human,T1,Venner,T1_Venner,T1_LRL,T1_Venner_LRL,85,164,71,26.4,male
P41_LRL_T2,P41_LRL_T2,4,S87,fw_H3,GGAAGAGA,Rev_H3,TCTCTTCC,20.51095656,418,74.34738495,114,87,P41,lower_right_lung,LRL,Human,T2,Venner,T2_Venner,T2_LRL,T2_Venner_LRL,85,164,71,26.4,male
P41_URL_T1,P41_URL_T1,4,S93,fw_H9,CGAGAGAA,Rev_H9,TTCTCTCG,56.95056048,418,206.4323636,114,93,P41,upper_right_lung,URL,Human,T1,Venner,T1_Venner,T1_URL,T1_Venner_URL,85,164,71,26.4,male
P41_URL_T2,P41_URL_T2,4,S94,fw_H10,CAGCATAC,Rev_H10,GTATGCTG,22.73438424,418,82.40678643,114,94,P41,upper_right_lung,URL,Human,T2,Venner,T2_Venner,T2_URL,T2_Venner_URL,85,164,71,26.4,male
P41_Throat_T1,P41_Throat_T1,4,S88,fw_H4,GCGTTAGA,Rev_H4,TCTAACGC,41.95043328,418,152.0604367,114,88,P41,Throat,T,Human,T1,Venner,T1_Venner,T1_T,T1_Venner_T,85,164,71,26.4,male
P41_Throat_T2,P41_Throat_T2,4,S89,fw_H5,ATCTGACC,Rev_H5,GGTCAGAT,49.12702104,418,178.0738765,114,89,P41,Throat,T,Human,T2,Venner,T2_Venner,T2_T,T2_Venner_T,85,164,71,26.4,male
P41_TS_T1,P41_TS_T1,4,S90,fw_H6,AACCAGAG,Rev_H6,CTCTGGTT,48.8608932,418,177.1092258,114,90,P41,tracheal_secretion,TS,Human,T1,Venner,T1_Venner,T1_TS,T1_Venner_TS,85,164,71,26.4,male
P41_TS_T2,P41_TS_T2,4,S91,fw_H7,GTACCACA,Rev_H7,TGTGGTAC,56.67188088,418,205.4222157,114,91,P41,tracheal_secretion,TS,Human,T2,Venner,T2_Venner,T2_TS,T2_Venner_TS,85,164,71,26.4,male
P41_Tube_T3,P41_Tube_T3,4,S92,fw_H8,GGTATAGG,Rev_H8,CCTATACC,45.61176936,418,165.3319174,114,92,P41,Tube,Tube,Human,T3,Venner,T3_Venner,T3_Tube,T3_Venner_Tube,85,164,71,26.4,male
P42_LL_T1,P42_LL_T1,1,S3,fw_A3,AGTGACCT,Rev_A3,AGGTCACT,48.33737196,418,175.2115846,115,3,P42,lower_left_lung,LLL,Human,T1,Standard,T1_Standard,T1_LLL,T1_Standard_LLL,69,165,125,45.9,female
P42_LRL_T1,P42_LRL_T1,1,S4,fw_A4,TCGGATTC,Rev_A4,GAATCCGA,15.5742522,418,56.45299478,115,4,P42,lower_right_lung,LRL,Human,T1,Standard,T1_Standard,T1_LRL,T1_Standard_LRL,69,165,125,45.9,female
P42_URL_T1,P42_URL_T1,1,S8,fw_A8,CGAATACG,Rev_A8,CGTATTCG,23.97942324,418,86.91975946,115,8,P42,upper_right_lung,URL,Human,T1,Standard,T1_Standard,T1_URL,T1_Standard_URL,69,165,125,45.9,female
P42_Throat_T1,P42_Throat_T1,1,S16,fw_B4,CTGTACCA,Rev_B4,TGGTACAG,22.22573088,418,80.56303784,111,16,P42,Throat,T,Human,T1,Standard,T1_Standard,T1_T,T1_Standard_T,69,165,125,45.9,female
P42_TS_T1,P42_TS_T1,1,S6,fw_A6,TCCTCATG,Rev_A6,CATGAGGA,18.37428552,418,66.60245585,115,6,P42,tracheal_secretion,TS,Human,T1,Standard,T1_Standard,T1_TS,T1_Standard_TS,69,165,125,45.9,female
P42_Tube_T3,P42_Tube_T3,1,S17,fw_B5,AGACCTTG,Rev_B5,CAAGGTCT,32.08948032,418,116.3168056,111,17,P42,Tube,Tube,Human,T3,Standard,T3_Standard,T3_Tube,T3_Standard_Tube,69,165,125,45.9,female
P43_LL_T1,P43_LL_T1,1,S9,fw_A9,TCTAGGAG,Rev_A9,CTCCTAGA,141.9815564,418,514.6496899,115,9,P43,lower_left_lung,LLL,Human,T1,Venner,T1_Venner,T1_LLL,T1_Venner_LLL,80,181,78,23.8,male
P43_LL_T2,P43_LL_T2,1,S10,fw_A10,CGCAACTA,Rev_A10,TAGTTGCG,122.9963292,418,445.8327142,115,10,P43,lower_left_lung,LLL,Human,T2,Venner,T2_Venner,T2_LLL,T2_Venner_LLL,80,181,78,23.8,male
P43_LRL_T1,P43_LRL_T1,1,S11,fw_A11,CGTATCTC,Rev_A11,GAGATACG,122.2121926,418,442.9904037,115,11,P43,lower_right_lung,LRL,Human,T1,Venner,T1_Venner,T1_LRL,T1_Venner_LRL,80,181,78,23.8,male
P43_LRL_T2,P43_LRL_T2,1,S12,fw_A12,GTACACCT,Rev_A12,AGGTGTAC,114.8197264,418,416.1944554,115,12,P43,lower_right_lung,LRL,Human,T2,Venner,T2_Venner,T2_LRL,T2_Venner_LRL,80,181,78,23.8,male
P43_URL_T1,P43_URL_T1,1,S18,fw_B6,AGGATAGC,Rev_B6,GCTATCCT,74.31572352,418,269.3769883,115,18,P43,upper_right_lung,URL,Human,T1,Venner,T1_Venner,T1_URL,T1_Venner_URL,80,181,78,23.8,male
P43_URL_T2,P43_URL_T2,1,S19,fw_B7,CCTTCCAT,Rev_B7,ATGGAAGG,76.93223952,418,278.8612423,115,19,P43,upper_right_lung,URL,Human,T2,Venner,T2_Venner,T2_URL,T2_Venner_URL,80,181,78,23.8,male
P43_Throat_T1,P43_Throat_T1,1,S18,fw_B6,AGGATAGC,Rev_B6,GCTATCCT,27.47183232,418,99.57891953,111,18,P43,Throat,T,Human,T1,Venner,T1_Venner,T1_T,T1_Venner_T,80,181,78,23.8,male
P43_Throat_T2,P43_Throat_T2,1,S19,fw_B7,CCTTCCAT,Rev_B7,ATGGAAGG,23.82781464,418,86.37021401,111,19,P43,Throat,T,Human,T2,Venner,T2_Venner,T2_T,T2_Venner_T,80,181,78,23.8,male
P43_TS_T1,P43_TS_T1,1,S15,fw_B3,AGCCTATC,Rev_B3,GATAGGCT,82.35788268,418,298.5279204,115,15,P43,tracheal_secretion,TS,Human,T1,Venner,T1_Venner,T1_TS,T1_Venner_TS,80,181,78,23.8,male
P43_TS_T2,P43_TS_T2,1,S16,fw_B4,CTGTACCA,Rev_B4,TGGTACAG,30.17078184,418,109.3619756,115,16,P43,tracheal_secretion,TS,Human,T2,Venner,T2_Venner,T2_TS,T2_Venner_TS,80,181,78,23.8,male
P43_Tube_T3,P43_Tube_T3,1,S20,fw_B8,GTCCTTGA,Rev_B8,TCAAGGAC,21.94939344,418,79.56137973,111,20,P43,Tube,Tube,Human,T3,Venner,T3_Venner,T3_Tube,T3_Venner_Tube,80,181,78,23.8,male
P44_LL_T1,P44_LL_T1,1,S20,fw_B8,GTCCTTGA,Rev_B8,TCAAGGAC,86.99438784,418,315.3341592,115,20,P44,lower_left_lung,LLL,Human,T1,Venner,T1_Venner,T1_LLL,T1_Venner_LLL,84,155,70,29.1,female
P44_LRL_T1,P44_LRL_T1,1,S21,fw_B9,TGCGTAAC,Rev_B9,GTTACGCA,12.2981934,418,44.5780535,115,21,P44,lower_right_lung,LRL,Human,T1,Venner,T1_Venner,T1_LRL,T1_Venner_LRL,84,155,70,29.1,female
P44_URL_T1,P44_URL_T1,2,S25,fw_C1,CACGCAAT,Rev_C1,ATTGCGTG,23.54694,418,85.35210961,115,25,P44,upper_right_lung,URL,Human,T1,Venner,T1_Venner,T1_URL,T1_Venner_URL,84,155,70,29.1,female
P44_Throat_T1,P44_Throat_T1,1,S21,fw_B9,TGCGTAAC,Rev_B9,GTTACGCA,28.38815376,418,102.9003689,111,21,P44,Throat,T,Human,T1,Venner,T1_Venner,T1_T,T1_Venner_T,84,155,70,29.1,female
P44_TS_T1,P44_TS_T1,1,S23,fw_B11,TTACGTGC,Rev_B11,GCACGTAA,109.72957,418,397.7438378,115,23,P44,tracheal_secretion,TS,Human,T1,Venner,T1_Venner,T1_TS,T1_Venner_TS,84,155,70,29.1,female
P44_Tube_T3,P44_Tube_T3,1,S22,fw_B10,CACAGACT,Rev_B10,AGTCTGTG,36.00701184,418,130.5169343,111,22,P44,Tube,Tube,Human,T3,Venner,T3_Venner,T3_Tube,T3_Venner_Tube,84,155,70,29.1,female
P45_LL_T1,P45_LL_T1,2,S26,fw_C2,TTCCAGGT,Rev_C2,ACCTGGAA,16.67501424,418,60.44299783,115,26,P45,lower_left_lung,LLL,Human,T1,Standard,T1_Standard,T1_LLL,T1_Standard_LLL,68,154,119,50.2,female
P45_LL_T2,P45_LL_T2,2,S27,fw_C3,TCATCTCC,Rev_C3,GGAGATGA,66.39505608,418,240.666435,115,27,P45,lower_left_lung,LLL,Human,T2,Standard,T2_Standard,T2_LLL,T2_Standard_LLL,68,154,119,50.2,female
P45_LRL_T1,P45_LRL_T1,2,S28,fw_C4,GAGAGTAC,Rev_C4,GTACTCTC,33.56906568,418,121.6799539,115,28,P45,lower_right_lung,LRL,Human,T1,Standard,T1_Standard,T1_LRL,T1_Standard_LRL,68,154,119,50.2,female
P45_LRL_T2,P45_LRL_T2,2,S29,fw_C5,GTCGTTAC,Rev_C5,GTAACGAC,72.25328664,418,261.9011405,115,29,P45,lower_right_lung,LRL,Human,T2,Standard,T2_Standard,T2_LRL,T2_Standard_LRL,68,154,119,50.2,female
P45_URL_T1,P45_URL_T1,2,S34,fw_C10,TGGAAGCA,Rev_C10,TGCTTCCA,36.90821016,418,133.7835659,115,34,P45,upper_right_lung,URL,Human,T1,Standard,T1_Standard,T1_URL,T1_Standard_URL,68,154,119,50.2,female
P45_URL_T2,P45_URL_T2,2,S35,fw_C11,AGCTAAGC,Rev_C11,GCTTAGCT,101.0175192,418,366.1647064,115,35,P45,upper_right_lung,URL,Human,T2,Standard,T2_Standard,T2_URL,T2_Standard_URL,68,154,119,50.2,female
P45_Throat_T1,P45_Throat_T1,1,S23,fw_B11,TTACGTGC,Rev_B11,GCACGTAA,30.610626,418,110.9563071,111,23,P45,Throat,T,Human,T1,Standard,T1_Standard,T1_T,T1_Standard_T,68,154,119,50.2,female
P45_Throat_T2,P45_Throat_T2,2,S40,fw_D4,TCTACGCA,Rev_D4,TGCGTAGA,24.49976016,418,88.8058582,111,40,P45,Throat,T,Human,T2,Standard,T2_Standard,T2_T,T2_Standard_T,68,154,119,50.2,female
P45_TS_T1,P45_TS_T1,2,S32,fw_C8,CAGTGCTT,Rev_C8,AAGCACTG,51.1343628,418,185.3500174,115,32,P45,tracheal_secretion,TS,Human,T1,Standard,T1_Standard,T1_TS,T1_Standard_TS,68,154,119,50.2,female
P45_TS_T2,P45_TS_T2,2,S33,fw_C9,CTTGCTAG,Rev_C9,CTAGCAAG,122.7165647,418,444.8186338,115,33,P45,tracheal_secretion,TS,Human,T2,Standard,T2_Standard,T2_TS,T2_Standard_TS,68,154,119,50.2,female
P46_LL_T1,P46_LL_T1,2,S36,fw_C12,GAACGGTT,Rev_C12,AACCGTTC,112.905993,418,409.2576229,115,36,P46,lower_left_lung,LLL,Human,T1,Venner,T1_Venner,T1_LLL,T1_Venner_LLL,61,177,108,34.5,male
P46_LRL_T1,P46_LRL_T1,2,S37,fw_D1,GGAATGTC,Rev_D1,GACATTCC,87.65155848,418,317.7162479,115,37,P46,lower_right_lung,LRL,Human,T1,Venner,T1_Venner,T1_LRL,T1_Venner_LRL,61,177,108,34.5,male
P46_URL_T1,P46_URL_T1,2,S41,fw_D5,GTAACCGA,Rev_D5,TCGGTTAC,69.05250108,418,250.299047,115,41,P46,upper_right_lung,URL,Human,T1,Venner,T1_Venner,T1_URL,T1_Venner_URL,61,177,108,34.5,male
P46_Throat_T1,P46_Throat_T1,2,S41,fw_D5,GTAACCGA,Rev_D5,TCGGTTAC,32.3727588,418,117.3436233,111,41,P46,Throat,T,Human,T1,Venner,T1_Venner,T1_T,T1_Venner_T,61,177,108,34.5,male
P46_TS_T1,P46_TS_T1,2,S39,fw_D3,CCAGTATC,Rev_D3,GATACTGG,95.25405912,418,345.2735215,115,39,P46,tracheal_secretion,TS,Human,T1,Venner,T1_Venner,T1_TS,T1_Venner_TS,61,177,108,34.5,male
P46_Tube_T3,P46_Tube_T3,2,S42,fw_D6,GACGTCAT,Rev_D6,ATGACGTC,18.6974736,418,67.77393649,111,42,P46,Tube,Tube,Human,T3,Venner,T3_Venner,T3_Tube,T3_Venner_Tube,61,177,108,34.5,male
P47_LL_T1,P47_LL_T1,2,S42,fw_D6,GACGTCAT,Rev_D6,ATGACGTC,85.42915956,418,309.6605755,115,42,P47,lower_left_lung,LLL,Human,T1,Venner,T1_Venner,T1_LLL,T1_Venner_LLL,70,154,60,25.3,female
P47_LL_T2,P47_LL_T2,2,S43,fw_D7,CTTACAGC,Rev_D7,GCTGTAAG,77.33293296,418,280.3136616,115,43,P47,lower_left_lung,LLL,Human,T2,Venner,T2_Venner,T2_LLL,T2_Venner_LLL,70,154,60,25.3,female
P47_LRL_T1,P47_LRL_T1,2,S44,fw_D8,TCCATTGC,Rev_D8,GCAATGGA,150.6633269,418,546.1190622,115,44,P47,lower_right_lung,LRL,Human,T1,Venner,T1_Venner,T1_LRL,T1_Venner_LRL,70,154,60,25.3,female
P47_LRL_T2,P47_LRL_T2,2,S45,fw_D9,AGCGAGAT,Rev_D9,ATCTCGCT,74.09300004,418,268.5696681,115,45,P47,lower_right_lung,LRL,Human,T2,Venner,T2_Venner,T2_LRL,T2_Venner_LRL,70,154,60,25.3,female
P47_URL_T1,P47_URL_T1,3,S51,fw_E3,TTGCGAGA,Rev_E3,TCTCGCAA,85.6319442,418,310.395622,115,51,P47,upper_right_lung,URL,Human,T1,Venner,T1_Venner,T1_URL,T1_Venner_URL,70,154,60,25.3,female
P47_URL_T2,P47_URL_T2,3,S52,fw_E4,GCAATTCC,Rev_E4,GGAATTGC,43.92645576,418,159.2230526,115,52,P47,upper_right_lung,URL,Human,T2,Venner,T2_Venner,T2_URL,T2_Venner_URL,70,154,60,25.3,female
P47_Throat_T1,P47_Throat_T1,2,S43,fw_D7,CTTACAGC,Rev_D7,GCTGTAAG,25.98664656,418,94.19547107,111,43,P47,Throat,T,Human,T1,Venner,T1_Venner,T1_T,T1_Venner_T,70,154,60,25.3,female
P47_Throat_T2,P47_Throat_T2,2,S44,fw_D8,TCCATTGC,Rev_D8,GCAATGGA,23.74336944,418,86.06412005,111,44,P47,Throat,T,Human,T2,Venner,T2_Venner,T2_T,T2_Venner_T,70,154,60,25.3,female
P47_TS_T1,P47_TS_T1,2,S48,fw_D12,CCAGTTGA,Rev_D12,TCAACTGG,102.3258259,418,370.90701,115,48,P47,tracheal_secretion,TS,Human,T1,Venner,T1_Venner,T1_TS,T1_Venner_TS,70,154,60,25.3,female
P47_TS_T2,P47_TS_T2,3,S49,fw_E1,TGGTGAAG,Rev_E1,CTTCACCA,53.981076,418,195.668682,115,49,P47,tracheal_secretion,TS,Human,T2,Venner,T2_Venner,T2_TS,T2_Venner_TS,70,154,60,25.3,female
P47_Tube_T3,P47_Tube_T3,2,S45,fw_D9,AGCGAGAT,Rev_D9,ATCTCGCT,37.69398576,418,136.6318173,111,45,P47,Tube,Tube,Human,T3,Venner,T3_Venner,T3_Tube,T3_Venner_Tube,70,154,60,25.3,female
P48_LL_T1,P48_LL_T1,3,S55,fw_E7,TACCTGCA,Rev_E7,TGCAGGTA,132.1910072,418,479.1612558,115,55,P48,lower_left_lung,LLL,Human,T1,Venner,T1_Venner,T1_LLL,T1_Venner_LLL,83,158,42,16.8,female
P48_LL_T2,P48_LL_T2,3,S61,fw_F1,GGACATCA,Rev_F1,TGATGTCC,57.78078324,418,209.4417255,115,61,P48,lower_left_lung,LLL,Human,T2,Venner,T2_Venner,T2_LLL,T2_Venner_LLL,83,158,42,16.8,female
P48_LRL_T1,P48_LRL_T1,3,S54,fw_E6,CCGCTTAA,Rev_E6,TTAAGCGG,68.7164148,418,249.0808134,115,54,P48,lower_right_lung,LRL,Human,T1,Venner,T1_Venner,T1_LRL,T1_Venner_LRL,83,158,42,16.8,female
P48_LRL_T2,P48_LRL_T2,3,S60,fw_E12,GTCATCGT,Rev_E12,ACGATGAC,108.4263757,418,393.0200657,115,60,P48,lower_right_lung,LRL,Human,T2,Venner,T2_Venner,T2_LRL,T2_Venner_LRL,83,158,42,16.8,female
P48_URL_T1,P48_URL_T1,3,S53,fw_E5,GAATCCGT,Rev_E5,ACGGATTC,58.01586144,418,210.2938286,115,53,P48,upper_right_lung,URL,Human,T1,Venner,T1_Venner,T1_URL,T1_Venner_URL,83,158,42,16.8,female
P48_URL_T2,P48_URL_T2,3,S59,fw_E11,CAACTCCA,Rev_E11,TGGAGTTG,87.94542096,418,318.7814302,115,59,P48,upper_right_lung,URL,Human,T2,Venner,T2_Venner,T2_URL,T2_Venner_URL,83,158,42,16.8,female
P48_Throat_T1,P48_Throat_T1,2,S46,fw_D10,CAATAGCC,Rev_D10,GGCTATTG,34.03001304,418,123.3507795,111,46,P48,Throat,T,Human,T1,Venner,T1_Venner,T1_T,T1_Venner_T,83,158,42,16.8,female
P48_Throat_T2,P48_Throat_T2,2,S48,fw_D12,CCAGTTGA,Rev_D12,TCAACTGG,22.17825,418,80.39093084,111,48,P48,Throat,T,Human,T2,Venner,T2_Venner,T2_T,T2_Venner_T,83,158,42,16.8,female
P48_TS_T1,P48_TS_T1,3,S56,fw_E8,GTCGATTG,Rev_E8,CAATCGAC,138.7717646,418,503.0149508,115,56,P48,tracheal_secretion,TS,Human,T1,Venner,T1_Venner,T1_TS,T1_Venner_TS,83,158,42,16.8,female
P48_TS_T2,P48_TS_T2,3,S62,fw_F2,CAGGTTCA,Rev_F2,TGAACCTG,48.03905376,418,174.1302514,115,62,P48,tracheal_secretion,TS,Human,T2,Venner,T2_Venner,T2_TS,T2_Venner_TS,83,158,42,16.8,female
P48_Tube_T3,P48_Tube_T3,2,S47,fw_D11,AAGACACC,Rev_D11,GGTGTCTT,23.8184004,418,86.3360896,111,47,P48,Tube,Tube,Human,T3,Venner,T3_Venner,T3_Tube,T3_Venner_Tube,83,158,42,16.8,female
P49_LL_T1,P49_LL_T1,3,S66,fw_F6,GACGAACT,Rev_F6,AGTTCGTC,49.26551004,418,178.5758665,115,66,P49,lower_left_lung,LLL,Human,T1,Venner,T1_Venner,T1_LLL,T1_Venner_LLL,70,167,68,24.4,female
P49_LRL_T1,P49_LRL_T1,3,S65,fw_F5,CATGAGCA,Rev_F5,TGCTCATG,55.26534612,418,200.3238586,115,65,P49,lower_right_lung,LRL,Human,T1,Venner,T1_Venner,T1_LRL,T1_Venner_LRL,70,167,68,24.4,female
P49_URL_T1,P49_URL_T1,3,S64,fw_F4,CTCAGAAG,Rev_F4,CTTCTGAG,63.03886404,418,228.5010296,115,64,P49,upper_right_lung,URL,Human,T1,Venner,T1_Venner,T1_URL,T1_Venner_URL,70,167,68,24.4,female
P49_Throat_T1,P49_Throat_T1,3,S70,fw_F10,GGCAAGTT,Rev_F10,AACTTGCC,29.28444432,418,106.149211,111,70,P49,Throat,T,Human,T1,Venner,T1_Venner,T1_T,T1_Venner_T,70,167,68,24.4,female
P49_Throat_T2,P49_Throat_T2,3,S72,fw_F12,CAATGCGA,Rev_F12,TCGCATTG,20.5331148,418,74.42770335,111,72,P49,Throat,T,Human,T2,Venner,T2_Venner,T2_T,T2_Venner_T,70,167,68,24.4,female
P49_TS_T1,P49_TS_T1,3,S67,fw_F7,AGACGCTA,Rev_F7,TAGCGTCT,69.87095112,418,253.2657355,115,67,P49,tracheal_secretion,TS,Human,T1,Venner,T1_Venner,T1_TS,T1_Venner_TS,70,167,68,24.4,female
P49_Tube_T3,P49_Tube_T3,3,S71,fw_F11,GATCTTGC,Rev_F11,GCAAGATC,21.2097036,418,76.88017834,111,71,P49,Tube,Tube,Human,T3,Venner,T3_Venner,T3_Tube,T3_Venner_Tube,70,167,68,24.4,female
P50_LL_T1,P50_LL_T1,4,S73,fw_G1,GGTGTACA,Rev_G1,TGTACACC,75.39937752,418,273.3049787,115,73,P50,lower_left_lung,LLL,Human,T1,Venner,T1_Venner,T1_LLL,T1_Venner_LLL,91,168,52,18.4,male
P50_LL_T2,P50_LL_T2,4,S79,fw_G7,CAACACAG,Rev_G7,CTGTGTTG,71.52398376,418,259.2575894,115,79,P50,lower_left_lung,LLL,Human,T2,Venner,T2_Venner,T2_LLL,T2_Venner_LLL,91,168,52,18.4,male
P50_LRL_T1,P50_LRL_T1,3,S72,fw_F12,CAATGCGA,Rev_F12,TCGCATTG,63.81099036,418,231.2998056,115,72,P50,lower_right_lung,LRL,Human,T1,Venner,T1_Venner,T1_LRL,T1_Venner_LRL,91,168,52,18.4,male
P50_LRL_T2,P50_LRL_T2,4,S78,fw_G6,TCCACGTT,Rev_G6,AACGTGGA,33.2845386,418,120.6486103,115,78,P50,lower_right_lung,LRL,Human,T2,Venner,T2_Venner,T2_LRL,T2_Venner_LRL,91,168,52,18.4,male
P50_URL_T1,P50_URL_T1,3,S71,fw_F11,GATCTTGC,Rev_F11,GCAAGATC,88.05087288,418,319.1636686,115,71,P50,upper_right_lung,URL,Human,T1,Venner,T1_Venner,T1_URL,T1_Venner_URL,91,168,52,18.4,male
P50_URL_T2,P50_URL_T2,4,S77,fw_G5,CTTAGGAC,Rev_G5,GTCCTAAG,53.33409288,418,193.3235207,115,77,P50,upper_right_lung,URL,Human,T2,Venner,T2_Venner,T2_URL,T2_Venner_URL,91,168,52,18.4,male
P50_Throat_T1,P50_Throat_T1,1,S24,fw_B12,CCAAGGTT,Rev_B12,AACCTTGG,17.3649216,418,62.94374946,111,24,P50,Throat,T,Human,T1,Venner,T1_Venner,T1_T,T1_Venner_T,91,168,52,18.4,male
P50_Throat_T2,P50_Throat_T2,1,S2,fw_A2,TTACCGAC,Rev_A2,GTCGGTAA,81.96844272,418,297.1162923,115,2,P50,Throat,T,Human,T2,Venner,T2_Venner,T2_T,T2_Venner_T,91,168,52,18.4,male
P50_TS_T1,P50_TS_T1,4,S74,fw_G2,TAGGAGCT,Rev_G2,AGCTCCTA,60.36536916,418,218.8102405,115,74,P50,tracheal_secretion,TS,Human,T1,Venner,T1_Venner,T1_TS,T1_Venner_TS,91,168,52,18.4,male
P50_TS_T2,P50_TS_T2,4,S80,fw_G8,GCCTTAAC,Rev_G8,GTTAAGGC,69.96194412,418,253.5955637,115,80,P50,tracheal_secretion,TS,Human,T2,Venner,T2_Venner,T2_TS,T2_Venner_TS,91,168,52,18.4,male
P50_Tube_T3,P50_Tube_T3,1,S1,fw_A1,CCACAACA,Rev_A1,TGTTGTGG,59.63628252,418,216.1674732,115,1,P50,Tube,Tube,Human,T3,Venner,T3_Venner,T3_Tube,T3_Venner_Tube,91,168,52,18.4,male
P6_OL_R_T1,P6_OL_R_T1,3,S46,fw_D10,CAATAGCC,Rev_D10,CTTAGGAC,42.46839072,418,153.9379104,102,46,P6,upper_right_lung,URL,Human,T1,Venner,T1_Venner,T1_URL,T1_Venner_URL,71,171,95,32.1,male
P6_OL_R_T2,P6_OL_R_T2,3,S50,fw_E2,AAGACCGT,Rev_E2,TAATGCCG,67.180668,418,243.5140931,102,50,P6,upper_right_lung,URL,Human,T2,Venner,T2_Venner,T2_URL,T2_Venner_URL,71,171,95,32.1,male
P6_ThroatSwap_T1,P6_ThroatSwap_T1,3,S62,fw_F2,CAGGTTCA,Rev_F2,TCAGACGA,68.3110734,418,247.6115463,102,62,P6,Throat,T,Human,T1,Venner,T1_Venner,T1_T,T1_Venner_T,71,171,95,32.1,male
P6_ThroatSwap_T2,P6_ThroatSwap_T2,4,S87,fw_H3,GGAAGAGA,Rev_H3,AACCTTGG,108.4594596,418,393.139987,102,87,P6,Throat,T,Human,T2,Venner,T2_Venner,T2_T,T2_Venner_T,71,171,95,32.1,male
P6_TS_T2,P6_TS_T2,3,S53,fw_E5,GAATCCGT,Rev_E5,GACATTCC,66.164754,418,239.8316442,102,53,P6,tracheal_secretion,TS,Human,T2,Venner,T2_Venner,T2_TS,T2_Venner_TS,71,171,95,32.1,male
P6_TS_T1,P6_TS_T1,2,S14,fw_B2,TCGTCTGA,Rev_B2,TAGTTGCG,54.87345,418,198.9033275,103,14,P6,tracheal_secretion,TS,Human,T1,Venner,T1_Venner,T1_TS,T1_Venner_TS,71,171,95,32.1,male
P6_TubeSwap_T3,P6_TubeSwap_T3,4,S86,fw_H2,TACTCCAG,Rev_H2,TGGTACAG,103.5315138,418,375.2773445,102,86,P6,Tube,Tube,Human,T3,Venner,T3_Venner,T3_Tube,T3_Venner_Tube,71,171,95,32.1,male
P6_UL_L_T1,P6_UL_L_T1,3,S48,fw_D12,CCAGTTGA,Rev_D12,CCTATACC,28.05375528,418,101.6882532,102,48,P6,lower_left_lung,LLL,Human,T1,Venner,T1_Venner,T1_LLL,T1_Venner_LLL,71,171,95,32.1,male
P6_UL_L_T2,P6_UL_L_T2,3,S52,fw_E4,GCAATTCC,Rev_E4,GTAACGAC,63.7355016,418,231.0261766,102,52,P6,lower_left_lung,LLL,Human,T2,Venner,T2_Venner,T2_LLL,T2_Venner_LLL,71,171,95,32.1,male
P6_UL_R_T1,P6_UL_R_T1,3,S47,fw_D11,AAGACACC,Rev_D11,GTTCAACC,73.94463576,418,268.0318826,102,47,P6,lower_right_lung,LRL,Human,T1,Venner,T1_Venner,T1_LRL,T1_Venner_LRL,71,171,95,32.1,male
P6_UL_R_T2,P6_UL_R_T2,3,S51,fw_E3,TTGCGAGA,Rev_E3,GTTACGCA,100.4002872,418,363.9273858,102,51,P6,lower_right_lung,LRL,Human,T2,Venner,T2_Venner,T2_LRL,T2_Venner_LRL,71,171,95,32.1,male
P7_OL_R_T1,P7_OL_R_T1,3,S54,fw_E6,CCGCTTAA,Rev_E6,ATCTCGCT,90.7408062,418,328.9140431,102,54,P7,upper_right_lung,URL,Human,T1,Standard,T1_Standard,T1_URL,T1_Standard_URL,72,172,69,23.3,male
P7_OL_R_T2,P7_OL_R_T2,3,S59,fw_E11,CAACTCCA,Rev_E11,TGGCTATC,45.3153042,418,164.257301,102,59,P7,upper_right_lung,URL,Human,T2,Standard,T2_Standard,T2_URL,T2_Standard_URL,72,172,69,23.3,male
P7_ThroatSwap_T1,P7_ThroatSwap_T1,4,S88,fw_H4,GCGTTAGA,Rev_H4,AAGCACTG,87.2809806,418,316.3729904,102,88,P7,Throat,T,Human,T1,Standard,T1_Standard,T1_T,T1_Standard_T,72,172,69,23.3,male
P7_ThroatSwap_T2,P7_ThroatSwap_T2,2,S20,fw_B8,GTCCTTGA,Rev_B8,TGTTCGAG,81.3024846,418,294.702351,103,20,P7,Throat,T,Human,T2,Standard,T2_Standard,T2_T,T2_Standard_T,72,172,69,23.3,male
P7_TS_T1,P7_TS_T1,3,S58,fw_E10,CTCGAACA,Rev_E10,GTCCTAAG,93.5001612,418,338.9160548,102,58,P7,tracheal_secretion,TS,Human,T1,Standard,T1_Standard,T1_TS,T1_Standard_TS,72,172,69,23.3,male
P7_TS_T2,P7_TS_T2,2,S15,fw_B3,AGCCTATC,Rev_B3,GCTATCCT,106.7435034,418,386.92005,103,15,P7,tracheal_secretion,TS,Human,T2,Standard,T2_Standard,T2_TS,T2_Standard_TS,72,172,69,23.3,male
P7_TubeSwap_T3,P7_TubeSwap_T3,2,S19,fw_B7,CCTTCCAT,Rev_B7,ACGGTCTT,43.9885806,418,159.4482405,103,19,P7,Tube,Tube,Human,T3,Standard,T3_Standard,T3_Tube,T3_Standard_Tube,72,172,69,23.3,male
P7_UL_L_T1,P7_UL_L_T1,3,S57,fw_E9,TATGGCAC,Rev_E9,GGTGATTC,83.6753604,418,303.3034667,102,57,P7,lower_left_lung,LLL,Human,T1,Standard,T1_Standard,T1_LLL,T1_Standard_LLL,72,172,69,23.3,male
P7_UL_L_T2,P7_UL_L_T2,3,S61,fw_F1,GGACATCA,Rev_F1,CATGAGGA,37.4672208,418,135.8098478,102,61,P7,lower_left_lung,LLL,Human,T2,Standard,T2_Standard,T2_LLL,T2_Standard_LLL,72,172,69,23.3,male
P7_UL_R_T1,P7_UL_R_T1,3,S56,fw_E8,GTCGATTG,Rev_E8,TGATGTCC,68.8955262,418,249.73005,102,56,P7,lower_right_lung,LRL,Human,T1,Standard,T1_Standard,T1_LRL,T1_Standard_LRL,72,172,69,23.3,male
P7_UL_R_T2,P7_UL_R_T2,3,S60,fw_E12,GTCATCGT,Rev_E12,TTCTCTCG,44.1074904,418,159.8792605,102,60,P7,lower_right_lung,LRL,Human,T2,Standard,T2_Standard,T2_LRL,T2_Standard_LRL,72,172,69,23.3,male
P8_OL_R_T1,P8_OL_R_T1,3,S63,fw_F3,GAACGAAG,Rev_F3,AGTCTGTG,94.70685,418,343.2900174,102,63,P8,upper_right_lung,URL,Human,T1,Venner,T1_Venner,T1_URL,T1_Venner_URL,84,170,70,24.2,male
P8_OL_R_T2,P8_OL_R_T2,4,S68,fw_F8,ATAACGCC,Rev_F8,TGAACCTG,72.1513956,418,261.5318095,102,68,P8,upper_right_lung,URL,Human,T2,Venner,T2_Venner,T2_URL,T2_Venner_URL,84,170,70,24.2,male
P8_OralSwap_T1,P8_OralSwap_T1,2,S21,fw_B9,TGCGTAAC,Rev_B9,AGTTCGTC,59.4175908,418,215.3747673,103,21,P8,Throat,T,Human,T1,Venner,T1_Venner,T1_T,T1_Venner_T,84,170,70,24.2,male
P8_ThroatSwap_T2,P8_ThroatSwap_T2,2,S23,fw_B11,TTACGTGC,Rev_B11,TGGTAGCT,90.8847018,418,329.4356307,103,23,P8,Throat,T,Human,T2,Venner,T2_Venner,T2_T,T2_Venner_T,84,170,70,24.2,male
P8_TS_T1,P8_TS_T1,4,S67,fw_F7,AGACGCTA,Rev_F7,TTAAGCGG,65.5794102,418,237.7099108,102,67,P8,tracheal_secretion,TS,Human,T1,Venner,T1_Venner,T1_TS,T1_Venner_TS,84,170,70,24.2,male
P8_TS_T2,P8_TS_T2,4,S71,fw_F11,GATCTTGC,Rev_F11,CTGGAGTA,93.3625302,418,338.4171749,102,71,P8,tracheal_secretion,TS,Human,T2,Venner,T2_Venner,T2_TS,T2_Venner_TS,84,170,70,24.2,male
P8_TubeSwap_T3,P8_TubeSwap_T3,2,S22,fw_B10,CACAGACT,Rev_B10,AGCTCCTA,86.7755166,418,314.5408025,103,22,P8,Tube,Tube,Human,T3,Venner,T3_Venner,T3_Tube,T3_Venner_Tube,84,170,70,24.2,male
P8_UL_L_T1,P8_UL_L_T1,4,S66,fw_F6,GACGAACT,Rev_F6,GGCTATTG,91.2482958,418,330.7535733,102,66,P8,lower_left_lung,LLL,Human,T1,Venner,T1_Venner,T1_LLL,T1_Venner_LLL,84,170,70,24.2,male
P8_UL_L_T2,P8_UL_L_T2,4,S70,fw_F10,GGCAAGTT,Rev_F10,AACGTGGA,84.5734746,418,306.5589191,102,70,P8,lower_left_lung,LLL,Human,T2,Venner,T2_Venner,T2_LLL,T2_Venner_LLL,84,170,70,24.2,male
P8_UL_R_T1,P8_UL_R_T1,3,S64,fw_F4,CTCAGAAG,Rev_F4,ATTCCTCC,92.8814526,418,336.6733819,102,64,P8,lower_right_lung,LRL,Human,T1,Venner,T1_Venner,T1_LRL,T1_Venner_LRL,84,170,70,24.2,male
P8_UL_R_T2,P8_UL_R_T2,4,S69,fw_F9,GAATCACC,Rev_F9,AACTTGCC,75.596337,418,274.0189104,102,69,P8,lower_right_lung,LRL,Human,T2,Venner,T2_Venner,T2_LRL,T2_Venner_LRL,84,170,70,24.2,male
P9_OL_R_T1,P9_OL_R_T1,4,S72,fw_F12,CAATGCGA,Rev_F12,GTATGCTG,44.4262788,418,161.0347934,102,72,P9,upper_right_lung,URL,Human,T1,Standard,T1_Standard,T1_URL,T1_Standard_URL,83,174,75,24.8,male
P9_ThroatSwap_T1,P9_ThroatSwap_T1,2,S24,fw_B12,CCAAGGTT,Rev_B12,CTCTGGTT,94.2595788,418,341.6687647,103,24,P9,Throat,T,Human,T1,Standard,T1_Standard,T1_T,T1_Standard_T,83,174,75,24.8,male
P9_ThroatSwap_T2,P9_ThroatSwap_T2,2,S25,fw_C1,CACGCAAT,Rev_C1,AGGTCACT,90.28953,418,327.2782732,103,25,P9,Throat,T,Human,T2,Standard,T2_Standard,T2_T,T2_Standard_T,83,174,75,24.8,male
P9_TS_T1,P9_TS_T1,4,S75,fw_G3,CGAATTGC,Rev_G3,GCACGTAA,41.962671,418,152.1047956,102,75,P9,tracheal_secretion,TS,Human,T1,Standard,T1_Standard,T1_TS,T1_Standard_TS,83,174,75,24.8,male
P9_UL_L_T1,P9_UL_L_T1,4,S74,fw_G2,TAGGAGCT,Rev_G2,GATAGGCT,87.008892,418,315.3867334,102,74,P9,lower_left_lung,LLL,Human,T1,Standard,T1_Standard,T1_LLL,T1_Standard_LLL,83,174,75,24.8,male
P9_UL_R_T1,P9_UL_R_T1,4,S73,fw_G1,GGTGTACA,Rev_G1,TGACTGAC,101.5106766,418,367.9522858,102,73,P9,lower_right_lung,LRL,Human,T1,Standard,T1_Standard,T1_LRL,T1_Standard_LRL,83,174,75,24.8,male
MC114,MC114,4,S96,fw_H12,CTTCGGTT,Rev_H12,AACCGAAG,47.05360104,418,170.5582175,114,,,positive_control,positive_control,positive_control,positive_control,positive_control,positive_control,positive_control,positive_control,positive_control,,,,
MC115,MC115,4,S83,fw_G11,CTTCACTG,Rev_G11,CAGTGAAG,106.9103017,418,387.5246546,115,,,positive_control,positive_control,positive_control,positive_control,positive_control,positive_control,positive_control,positive_control,positive_control,,,,
MC100,MC100,4,S96,fw_H12,CTTCGGTT,Rev_H12,AACCGAAG,91.9679043,418,333.3619846,100,,,positive_control,positive_control,positive_control,positive_control,positive_control,positive_control,positive_control,positive_control,positive_control,,,,
MC102,MC102,,,,,,,,,,102,,,positive_control,positive_control,positive_control,positive_control,positive_control,positive_control,positive_control,positive_control,positive_control,,,,
MC103,MC103,4,S96,fw_H12,CTTCGGTT,Rev_H12,AACCGAAG,168.6281894,418,611.2374563,103,,,positive_control,positive_control,positive_control,positive_control,positive_control,positive_control,positive_control,positive_control,positive_control,,,,
MC104,MC104,4,S96,fw_H12,CTTCGGTT,Rev_H12,AACCGAAG,127.4590646,418,462.0090787,104,,,positive_control,positive_control,positive_control,positive_control,positive_control,positive_control,positive_control,positive_control,positive_control,,,,
MC106,MC106,4,S96,fw_H12,CTTCGGTT,Rev_H12,AACCGAAG,92.1145422,418,333.8935124,106,,,positive_control,positive_control,positive_control,positive_control,positive_control,positive_control,positive_control,positive_control,positive_control,,,,
MC108,MC108,4,S96,fw_H12,CTTCGGTT,Rev_H12,AACCGAAG,70.6259778,418,256.0025294,108,,,positive_control,positive_control,positive_control,positive_control,positive_control,positive_control,positive_control,positive_control,positive_control,,,,
NC_106,NC_106,4,S95,fw_H11,CTCGACTT,Rev_H11,AAGTCGAG,14.150496,418,51.29221401,106,,,negative_control,negative_control,negative_control,negative_control,negative_control,negative_control,negative_control,negative_control,negative_control,,,,
NC_BLANK_Tubomic_P108,NC_BLANK_Tubomic_P108,4,S95,fw_H11,CTCGACTT,Rev_H11,AAGTCGAG,60.1165728,418,217.9084124,108,,,negative_control,negative_control,negative_control,negative_control,negative_control,negative_control,negative_control,negative_control,negative_control,,,,
NC_Extraction_Nested_P111,NC_Extraction_Nested_P111,4,S93,fw_H9,CGAGAGAA,Rev_H9,TTCTCTCG,24.08405592,418,87.29902827,111,,,negative_control,negative_control,negative_control,negative_control,negative_control,negative_control,negative_control,negative_control,negative_control,,,,
NC_Extraction_Nested_P111_v2,NC_Extraction_Nested_P111_v2,4,S93,fw_H9,CGAGAGAA,Rev_H9,TTCTCTCG,53.9211996,418,195.4516442,111,,,negative_control,negative_control,negative_control,negative_control,negative_control,negative_control,negative_control,negative_control,negative_control,,,,
NC_Nested_P111_v2,NC_Nested_P111_v2,4,S94,fw_H10,CAGCATAC,Rev_H10,GTATGCTG,1.98939204,418,7.211077425,111,,,negative_control,negative_control,negative_control,negative_control,negative_control,negative_control,negative_control,negative_control,negative_control,,,,
NC_P104,NC_P104,3,S61,fw_F1,GGACATCA,Rev_F1,CATGAGGA,75.51555888,418,273.7261087,104,,,negative_control,negative_control,negative_control,negative_control,negative_control,negative_control,negative_control,negative_control,negative_control,,,,
NC_P111_Nested,NC_P111_Nested,4,S94,fw_H10,CAGCATAC,Rev_H10,GTATGCTG,7.34530296,418,26.62499261,111,,,negative_control,negative_control,negative_control,negative_control,negative_control,negative_control,negative_control,negative_control,negative_control,,,,
NC_PCR_nested_P114,NC_PCR_nested_P114,4,S95,fw_H11,CTCGACTT,Rev_H11,AAGTCGAG,3.01617264,418,10.93291518,114,,,negative_control,negative_control,negative_control,negative_control,negative_control,negative_control,negative_control,negative_control,negative_control,,,,
NC_Tubomic_Nested_P115,NC_Tubomic_Nested_P115,4,S82,fw_G10,AGCTACCA,Rev_G10,TGGTAGCT,34.85491272,418,126.3408465,115,,,negative_control,negative_control,negative_control,negative_control,negative_control,negative_control,negative_control,negative_control,negative_control,,,,
